"","acousticness","danceability","duration_ms","energy","instrumentalness","liveness","loudness","mode","speechiness","tempo","valence","key","time_signature","Class"
"1",0.435,0.713,201667,0.419,2.87e-06,0.126,-10.668,1,0.356,91.634,0.253,11,4,"0"
"2",0.358,0.894,216520,0.284,0.000487,0.11,-13.002,0,0.33,138.944,0.413,11,4,"0"
"3",0.176,0.941,209640,0.323,0,0.205,-10.307,1,0.506,120.036,0.662,10,4,"0"
"4",0.0294,0.591,230227,0.741,0,0.11,-5.751,1,0.139,97.048,0.452,0,4,"0"
"5",0.39,0.712,181880,0.62,0,0.0994,-4.187,1,0.0888,99.953,0.494,4,4,"0"
"6",0.164,0.335,241107,0.625,0,0.0708,-7.462,1,0.0386,150.277,0.346,7,4,"0"
"7",0.642,0.58,331480,0.519,0.00116,0.0936,-10.653,0,0.251,107.401,0.242,11,4,"0"
"8",0.776,0.435,209080,0.202,0.0976,0.245,-15.097,1,0.0702,139.574,0.0429,2,4,"0"
"9",0.00635,0.518,309973,0.858,0.00494,0.0652,-6.146,1,0.0685,117.909,0.261,0,4,"0"
"10",0.789,0.857,194347,0.378,0.000171,0.119,-8.371,0,0.0928,119.976,0.626,7,3,"0"
"11",0.061,0.927,343150,0.665,0,0.123,-5.313,1,0.244,127.076,0.175,11,4,"0"
"12",0.0848,0.506,224000,0.641,8.09e-06,0.073,-4.815,0,0.0456,171.957,0.393,4,3,"0"
"13",0.76,0.725,155933,0.276,0,0.116,-12.25,1,0.0599,112.89,0.717,7,4,"0"
"14",0.358,0.894,216520,0.284,0.000487,0.11,-13.002,0,0.33,138.944,0.413,11,4,"0"
"15",0.218,0.713,316920,0.496,0.000237,0.0761,-10.045,0,0.311,162.039,0.6,7,4,"0"
"16",0.105,0.77,222360,0.567,0,0.125,-5.698,1,0.175,81.477,0.26,2,4,"0"
"17",0.44,0.767,269187,0.819,0,0.0863,-5.945,0,0.127,92.99,0.583,0,4,"0"
"18",0.776,0.513,278920,0.197,0.00272,0.114,-15.167,1,0.0851,69.82,0.049,2,4,"0"
"19",0.109,0.501,195707,0.519,0,0.454,-5.88,0,0.0409,133.99,0.168,4,4,"0"
"20",0.0508,0.584,217603,0.569,0,0.0924,-4.259,1,0.166,89.779,0.501,0,4,"0"
"21",0.572,0.416,210307,0.773,0,0.105,-3.784,1,0.0949,122.65,0.716,8,4,"0"
"22",0.606,0.686,230600,0.417,1.79e-06,0.0844,-7.787,1,0.0363,82.407,0.451,7,3,"0"
"23",0.177,0.598,193546,0.673,0.000316,0.203,-6.134,0,0.0469,117.02,0.255,9,4,"0"
"24",0.125,0.568,208733,0.669,0,0.111,-4.889,0,0.0794,147.926,0.404,11,4,"0"
"25",0.47,0.364,268960,0.378,0,0.339,-7.381,0,0.0331,89.918,0.366,7,3,"0"
"26",0.676,0.661,131733,0.402,0,0.0556,-11.954,1,0.0299,119.585,0.822,2,4,"0"
"27",0.533,0.64,234526,0.819,0,0.156,-4.108,1,0.455,166.012,0.623,7,4,"0"
"28",0.652,0.676,124520,0.56,0,0.462,-6.281,1,0.0611,141.285,0.828,8,4,"0"
"29",0.0312,0.886,177184,0.427,0.00099,0.0906,-10.028,1,0.145,108.034,0.23,6,4,"0"
"30",0.711,0.69,232600,0.407,0,0.126,-7.739,1,0.0297,111.916,0.181,9,4,"0"
"31",0.00413,0.653,202805,0.718,0,0.0537,-5.232,0,0.213,82.034,0.216,3,4,"0"
"32",0.00383,0.647,198774,0.932,1.5e-06,0.0574,-3.515,1,0.0824,114.991,0.374,11,4,"0"
"33",0.181,0.585,249213,0.612,1.03e-05,0.293,-8.341,1,0.0806,77.487,0.188,1,4,"0"
"34",0.698,0.73,237427,0.747,1.63e-05,0.152,-9.496,0,0.324,90.039,0.751,8,4,"0"
"35",0.136,0.906,235040,0.444,6.44e-05,0.173,-8.692,0,0.384,140.063,0.678,4,4,"0"
"36",0.0406,0.488,226173,0.915,0,0.351,-4.255,1,0.0389,75.019,0.646,7,4,"0"
"37",0.847,0.734,95467,0.57,2.14e-05,0.112,-7.066,0,0.133,129.953,0.689,7,4,"0"
"38",0.069,0.843,163944,0.359,0,0.12,-7.417,1,0.461,81.987,0.156,0,4,"0"
"39",0.556,0.681,218986,0.335,0,0.104,-8.479,1,0.0489,73.762,0.349,3,4,"0"
"40",0.0173,0.412,325615,0.548,0,0.181,-6.981,1,0.243,81.293,0.176,10,4,"0"
"41",0.0189,0.596,240427,0.838,1.54e-05,0.108,-6.52,0,0.0704,94.982,0.472,5,4,"0"
"42",0.437,0.665,205280,0.424,0,0.107,-7.838,1,0.0444,129.911,0.134,0,4,"0"
"43",0.0511,0.717,235477,0.347,2.43e-06,0.087,-10.265,0,0.0636,84.987,0.0589,11,4,"0"
"44",0.0312,0.618,180520,0.727,0,0.196,-7.224,0,0.208,164.992,0.401,3,4,"0"
"45",0.695,0.358,211467,0.557,0,0.0902,-7.398,1,0.059,85.043,0.494,10,4,"0"
"46",0.173,0.315,175517,0.563,0.000242,0.0673,-9.671,1,0.354,179.484,0.147,9,4,"0"
"47",0.00173,0.49,222920,0.603,0,0.134,-6.079,1,0.032,119.961,0.302,4,3,"0"
"48",0.126,0.524,260933,0.76,1.1e-05,0.239,-4.214,1,0.0361,143.991,0.437,5,4,"0"
"49",0.125,0.497,191827,0.805,0,0.167,-3.995,1,0.0332,166.048,0.696,11,4,"0"
"50",0.051,0.766,165600,0.64,0,0.237,-8.899,1,0.0345,100.044,0.67,0,4,"0"
"51",0.187,0.852,195840,0.773,3.05e-05,0.159,-2.921,0,0.0776,102.034,0.907,8,4,"0"
"52",0.00479,0.804,251333,0.56,0,0.164,-6.682,1,0.185,85.023,0.272,8,4,"0"
"53",0.366,0.762,243270,0.476,0,0.103,-12.686,1,0.114,130.007,0.375,0,4,"0"
"54",0.0496,0.96,223093,0.547,0,0.216,-6.992,0,0.0786,121.01,0.186,6,4,"0"
"55",0.199,0.743,326933,0.359,0.00611,0.137,-10.401,1,0.0794,160.083,0.587,1,4,"0"
"56",0.114,0.711,252256,0.739,0,0.226,-3.804,0,0.129,136.919,0.43,7,4,"0"
"57",0.156,0.71,218880,0.495,0,0.164,-7.369,1,0.22,160.091,0.396,8,4,"0"
"58",0.0158,0.552,189467,0.893,0,0.105,-4.593,1,0.0383,163.948,0.777,0,4,"0"
"59",0.00609,0.636,193253,0.836,0.000157,0.0828,-3.004,1,0.0427,139.956,0.715,8,4,"0"
"60",0.102,0.768,237573,0.485,0,0.128,-8.435,0,0.0825,140.016,0.289,6,4,"0"
"61",0.135,0.542,231360,0.727,0,0.328,-5.268,0,0.0849,150.098,0.548,1,4,"0"
"62",0.198,0.627,220293,0.812,0,0.212,-4.215,1,0.0358,123.071,0.504,6,4,"0"
"63",0.14,0.691,181200,0.624,0,0.168,-5.874,1,0.027,101.988,0.662,7,4,"0"
"64",0.319,0.456,213453,0.813,5.42e-06,0.0946,-4.676,1,0.0452,185.993,0.635,2,5,"0"
"65",0.0169,0.632,187813,0.716,0,0.0758,-5.677,0,0.043,88.549,0.655,5,4,"0"
"66",0.0231,0.392,243253,0.825,2.25e-06,0.0972,-2.068,0,0.0535,98.959,0.482,0,4,"0"
"67",0.562,0.822,198001,0.544,2.4e-05,0.144,-6.797,1,0.0332,122.047,0.861,0,4,"0"
"68",0.707,0.171,182400,0.33,0.00381,0.302,-9.699,1,0.0329,174.431,0.315,5,3,"0"
"69",0.406,0.72,251088,0.763,0,0.18,-4.068,0,0.0523,101.965,0.742,9,4,"0"
"70",0.0171,0.61,217467,0.822,1.88e-06,0.093,-4.422,1,0.0355,93.993,0.437,0,4,"0"
"71",0.116,0.685,201893,0.783,0,0.194,-4.152,1,0.0276,90.008,0.525,11,4,"0"
"72",0.1,0.585,260253,0.513,0,0.147,-7.126,0,0.07,133.387,0.533,1,4,"0"
"73",0.097,0.662,194080,0.586,0.00272,0.115,-8.821,1,0.0307,90,0.296,0,4,"0"
"74",0.114,0.638,245604,0.6,0,0.187,-5.84,0,0.0438,101.981,0.0399,1,4,"0"
"75",0.278,0.782,163893,0.751,0,0.0367,-7.023,1,0.28,135.277,0.688,5,4,"0"
"76",0.244,0.812,128157,0.621,0,0.099,-8.3,1,0.0515,77.998,0.847,5,4,"0"
"77",0.0244,0.636,273803,0.953,0.0164,0.108,-3.74,1,0.0353,142.011,0.397,2,4,"0"
"78",0.326,0.619,206400,0.539,0,0.106,-5.688,0,0.0409,112.006,0.39,1,4,"0"
"79",0.181,0.597,239853,0.743,0,0.0796,-3.095,1,0.042,122.798,0.299,6,4,"0"
"80",0.0734,0.803,254080,0.585,2.87e-05,0.201,-5.39,1,0.087,146.02,0.241,0,4,"0"
"81",0.0183,0.674,265600,0.779,7.35e-06,0.474,-5.779,1,0.0509,109.933,0.732,0,4,"0"
"82",0.333,0.439,183413,0.802,0,0.377,-3.644,1,0.054,168.032,0.725,7,4,"0"
"83",0.00413,0.653,202805,0.718,0,0.0537,-5.232,0,0.213,82.034,0.216,3,4,"0"
"84",0.299,0.68,206013,0.429,0,0.195,-8.297,1,0.218,76.806,0.595,1,4,"0"
"85",0.0972,0.531,226307,0.746,0,0.102,-4.228,1,0.0329,139.788,0.304,11,4,"0"
"86",0.014,0.735,232880,0.886,0,0.0788,-5.572,0,0.216,113.002,0.758,9,4,"0"
"87",0.446,0.64,321027,0.423,0.000151,0.095,-10.567,0,0.0657,120.029,0.18,8,4,"0"
"88",0.0358,0.596,204013,0.851,3.19e-05,0.365,-4.245,0,0.121,202.049,0.612,5,4,"0"
"89",0.0288,0.513,220307,0.674,3.79e-05,0.188,-6.483,0,0.0776,174.019,0.192,8,4,"0"
"90",0.0969,0.774,211475,0.626,3.12e-05,0.0848,-4.432,0,0.0432,100.041,0.777,3,4,"0"
"91",0.0322,0.549,221920,0.595,0,0.103,-7.583,0,0.0989,149.859,0.387,7,4,"0"
"92",0.484,0.71,165853,0.404,0,0.0953,-10.04,0,0.379,139.553,0.398,1,4,"0"
"93",0.355,0.637,111640,0.477,0.0682,0.0981,-12.733,0,0.117,90.018,0.468,5,4,"0"
"94",0.0677,0.652,198653,0.637,0,0.0996,-8.094,1,0.0593,110.08,0.173,1,4,"0"
"95",0.0466,0.853,220173,0.65,7.27e-06,0.089,-7.03,0,0.0837,113.993,0.85,7,4,"0"
"96",0.0475,0.71,223293,0.805,0,0.16,-5.045,0,0.0546,116.985,0.72,7,4,"0"
"97",0.0266,0.66,235693,0.698,0,0.296,-6.266,0,0.0467,120.959,0.396,5,4,"0"
"98",0.0386,0.482,219547,0.823,3.69e-05,0.0948,-4.446,1,0.0661,167.665,0.451,9,4,"0"
"99",0.372,0.696,141413,0.567,0,0.112,-8.907,1,0.0374,98.034,0.389,9,4,"0"
"100",0.0587,0.785,228000,0.571,0,0.327,-7.477,1,0.0382,120.025,0.219,0,4,"0"
"101",0,0,73887,2.01e-05,0,0,-15.776,1,0,0,0,5,0,"0"
"102",0.0398,0.683,237707,0.708,0.155,0.686,-6.244,0,0.0305,92.991,0.355,5,4,"0"
"103",0.592,0.588,242081,0.471,0.00146,0.0733,-7.287,1,0.0577,152.881,0.209,0,4,"0"
"104",0.0223,0.638,207627,0.699,0,0.0917,-5.54,0,0.384,92.939,0.66,1,4,"0"
"105",0.255,0.502,243491,0.786,0,0.65,-4.378,0,0.317,169.021,0.739,9,4,"0"
"106",0.00264,0.732,182707,0.75,0,0.109,-6.366,0,0.231,155.096,0.401,11,4,"0"
"107",0.547,0.729,212627,0.546,0.00287,0.0651,-9.305,1,0.0285,119.941,0.406,7,4,"0"
"108",0.0935,0.819,219160,0.913,3.72e-05,0.161,-3.059,0,0.0427,119.989,0.536,4,4,"0"
"109",0.00155,0.723,216800,0.824,0.167,0.333,-5.911,0,0.0331,123.011,0.76,11,4,"0"
"110",0.000198,0.529,238880,0.922,0,0.26,-3.84,1,0.0459,109.847,0.628,3,4,"0"
"111",0.013,0.853,206693,0.56,0,0.0944,-4.961,1,0.0406,134.066,0.86,1,4,"0"
"112",0.123,0.768,281987,0.687,0,0.113,-5.454,0,0.113,140.064,0.294,6,4,"0"
"113",0.322,0.752,213535,0.784,0,0.11,-4.941,1,0.0754,135.039,0.464,0,4,"0"
"114",0.101,0.568,240280,0.562,6.16e-05,0.363,-7.775,1,0.0418,133.647,0.247,9,4,"0"
"115",0.0451,0.592,280615,0.701,0,0.327,-4.014,0,0.0858,129.501,0.282,10,4,"0"
"116",0.0441,0.9,124853,0.535,0.307,0.0774,-5.509,1,0.0652,136.045,0.496,1,4,"0"
"117",0.0165,0.653,199213,0.73,1.4e-06,0.0894,-8.018,1,0.0378,85.015,0.615,2,4,"0"
"118",0.245,0.695,244174,0.837,0,0.367,-5.617,0,0.281,115.067,0.639,1,4,"0"
"119",0.293,0.637,251707,0.862,0,0.217,-4.343,0,0.191,82.019,0.573,10,4,"0"
"120",0.196,0.578,261240,0.574,0,0.083,-6.209,1,0.0454,174.152,0.301,2,4,"0"
"121",0.014,0.639,253200,0.749,3.52e-05,0.154,-7.327,1,0.0297,113.033,0.648,6,4,"0"
"122",0.0665,0.485,211767,0.834,0,0.28,-5.413,1,0.0715,90.933,0.659,9,4,"0"
"123",0.156,0.652,304607,0.795,0,0.123,-5.192,0,0.174,135.018,0.788,11,4,"0"
"124",0.615,0.661,201000,0.373,0,0.177,-8.249,1,0.0505,91.5,0.523,5,4,"0"
"125",0.00909,0.71,172013,0.805,0,0.141,-5.471,1,0.0637,92.601,0.897,1,4,"0"
"126",0.017,0.627,247427,0.717,0,0.261,-5.751,0,0.0376,105.05,0.561,8,4,"0"
"127",0.083,0.503,184506,0.824,0,0.21,-4.039,1,0.0524,161.981,0.448,3,4,"0"
"128",0.0239,0.773,246240,0.747,8.23e-06,0.11,-4.061,1,0.0889,126.014,0.8,5,4,"0"
"129",0.0872,0.477,252307,0.647,0,0.119,-4.657,0,0.343,109.879,0.549,3,4,"0"
"130",0.0604,0.67,222041,0.838,0.000611,0.159,-4.031,1,0.0362,104.998,0.717,0,4,"0"
"131",0.0847,0.841,243837,0.728,0,0.149,-3.37,1,0.0484,130.049,0.43,7,4,"0"
"132",0.141,0.657,202221,0.739,0,0.178,-4.081,1,0.274,181.994,0.543,2,4,"0"
"133",0.0541,0.795,198944,0.568,0,0.108,-7.817,0,0.142,136.173,0.478,5,4,"0"
"134",0.0117,0.838,245387,0.771,0,0.0853,-3.791,1,0.244,175.957,0.405,1,4,"0"
"135",0.565,0.857,244973,0.517,0.000195,0.102,-6.972,1,0.0384,129.063,0.754,0,4,"0"
"136",0.0293,0.872,307773,0.723,0,0.327,-5.968,1,0.247,93.279,0.843,1,4,"0"
"137",0.07,0.923,181739,0.599,1.23e-06,0.0951,-4.888,1,0.238,138.024,0.667,6,4,"0"
"138",0.281,0.747,191033,0.553,0,0.117,-7.294,1,0.117,141.888,0.262,1,4,"0"
"139",0.111,0.439,177029,0.447,0,0.303,-8.318,0,0.0436,121.48,0.11,10,4,"0"
"140",0.00868,0.565,212647,0.849,4.68e-06,0.12,-3.516,0,0.0517,102.034,0.427,0,4,"0"
"141",0.246,0.795,259966,0.448,0,0.117,-7.989,1,0.0742,120.924,0.28,9,4,"0"
"142",0.585,0.675,320920,0.87,0,0.841,-4.595,1,0.362,140.741,0.722,1,4,"0"
"143",0.329,0.46,238960,0.832,0,0.127,-2.628,1,0.232,86.35,0.358,8,4,"0"
"144",0.0175,0.781,184110,0.764,0,0.102,-3.252,1,0.164,146.03,0.352,2,4,"0"
"145",0.0598,0.517,176933,0.93,0,0.35,-3.902,0,0.216,170.068,0.696,6,4,"0"
"146",0.665,0.515,227809,0.431,0,0.147,-8.251,1,0.257,141.392,0.184,4,4,"0"
"147",0.0609,0.647,201255,0.59,0,0.381,-9.931,1,0.247,92.275,0.415,6,4,"0"
"148",0.33,0.667,199179,0.709,3.74e-06,0.077,-7.018,0,0.105,101.975,0.233,9,4,"0"
"149",0.0153,0.636,244453,0.728,1.46e-06,0.154,-5.871,1,0.0999,107.986,0.384,9,4,"0"
"150",0.0962,0.747,245227,0.477,0,0.114,-11.062,0,0.276,93.44,0.321,10,4,"0"
"151",0.119,0.82,292910,0.696,0,0.231,-4.918,0,0.182,144.981,0.617,7,4,"0"
"152",0.00138,0.625,182000,0.855,0,0.357,-5.471,0,0.0389,124.977,0.668,1,4,"0"
"153",0.737,0.526,247555,0.406,0.000409,0.114,-10.323,1,0.103,119.388,0.174,0,4,"0"
"154",0.0118,0.576,202093,0.9,0,0.628,-2.879,0,0.124,75.046,0.75,5,4,"0"
"155",0.0411,0.927,196600,0.343,0,0.136,-9.371,0,0.547,93.018,0.403,0,4,"0"
"156",0.226,0.827,191720,0.702,5.04e-05,0.158,-7.264,1,0.267,130.02,0.694,6,4,"0"
"157",0.0411,0.615,223147,0.648,0,0.277,-3.792,0,0.22,169.912,0.26,5,4,"0"
"158",0.285,0.648,234240,0.559,0.103,0.116,-8.424,0,0.128,113.054,0.159,11,4,"0"
"159",0.0173,0.916,183695,0.571,1.11e-06,0.153,-8.241,0,0.2,103.521,0.498,10,4,"0"
"160",0.0188,0.654,178583,0.796,0,0.0948,-4.761,0,0.122,108.854,0.491,2,4,"0"
"161",0.445,0.661,180360,0.785,0.000266,0.0854,-5.623,1,0.0369,91.975,0.371,4,4,"0"
"162",0.0886,0.919,313573,0.519,0,0.135,-7.639,0,0.0902,112.991,0.326,6,4,"0"
"163",0.023,0.689,210573,0.791,0,0.0526,-5.194,0,0.053,95.04,0.755,0,4,"0"
"164",0.355,0.463,162480,0.499,0,0.0796,-7.435,0,0.338,100.823,0.604,8,4,"0"
"165",0.111,0.512,201533,0.545,0.00177,0.135,-10.154,1,0.0294,83.94,0.346,2,4,"0"
"166",0.603,0.609,228707,0.445,6.77e-06,0.104,-9.129,1,0.106,118.393,0.166,7,3,"0"
"167",0.142,0.714,135920,0.566,1.25e-06,0.57,-4.408,1,0.056,113.074,0.449,7,4,"0"
"168",0.159,0.332,201493,0.635,2.79e-06,0.0599,-5.653,1,0.0898,186.249,0.261,7,3,"0"
"169",0.00181,0.594,231860,0.946,1.04e-06,0.923,-3.408,1,0.126,110.024,0.665,8,4,"0"
"170",0.0284,0.514,200040,0.659,0,0.266,-6.142,1,0.0309,76.483,0.463,1,4,"0"
"171",0.234,0.604,221440,0.661,0,0.0951,-5.914,1,0.0375,107.016,0.506,0,4,"0"
"172",0.413,0.2,242480,0.698,1.69e-05,0.0925,-5.873,1,0.0399,89.998,0.132,7,4,"0"
"173",0.408,0.719,250973,0.615,0.000147,0.235,-5.972,1,0.045,96.988,0.465,6,4,"0"
"174",0.337,0.722,313547,0.331,0.283,0.146,-7.789,1,0.0725,143.974,0.102,8,4,"0"
"175",0.168,0.612,225693,0.468,0,0.112,-6.597,1,0.0314,146.026,0.165,7,4,"0"
"176",0.409,0.823,257547,0.411,0.00135,0.649,-7.061,1,0.0557,90.997,0.397,0,4,"0"
"177",0.929,0.469,281467,0.132,0,0.0873,-14.001,1,0.0807,67.011,0.36,10,3,"0"
"178",0.453,0.444,234910,0.557,0,0.152,-5.476,1,0.0602,115.058,0.296,0,4,"0"
"179",0.385,0.525,194187,0.685,0,0.0731,-3.954,0,0.0351,78.003,0.54,7,4,"0"
"180",0.0447,0.712,206903,0.799,6.4e-05,0.37,-4.564,0,0.0703,83.996,0.591,7,4,"0"
"181",0.0962,0.934,181240,0.694,1.2e-06,0.478,-5.849,0,0.101,123.829,0.835,11,4,"0"
"182",0.0019,0.457,215510,0.899,0,0.831,-2.591,0,0.132,147.268,0.298,10,4,"0"
"183",0.317,0.781,208973,0.588,0,0.0983,-5.348,0,0.0386,93.979,0.564,6,4,"0"
"184",0.00306,0.617,187480,0.843,0,0.0792,-3.593,1,0.028,105.974,0.897,11,4,"0"
"185",0.0144,0.895,227727,0.491,0.000988,0.143,-10.261,0,0.246,83.505,0.249,10,4,"0"
"186",0.281,0.652,236827,0.295,1.03e-05,0.0809,-11.045,1,0.0477,75.065,0.196,2,4,"0"
"187",0.0298,0.563,235652,0.414,0,0.0854,-11.409,1,0.37,193.549,0.446,0,4,"0"
"188",0.39,0.651,201422,0.601,0,0.0882,-5.097,0,0.0497,133.954,0.512,10,4,"0"
"189",0.805,0.398,253342,0.316,0,0.295,-7.031,1,0.0368,118.582,0.174,1,4,"0"
"190",0.592,0.588,242081,0.471,0.00146,0.0733,-7.287,1,0.0577,152.881,0.209,0,4,"0"
"191",0.326,0.616,190987,0.697,2.18e-05,0.0827,-5.952,1,0.0295,148.93,0.68,3,4,"0"
"192",0.0145,0.739,241400,0.472,7.27e-06,0.207,-11.204,1,0.156,80.03,0.289,1,4,"0"
"193",0.0457,0.529,199747,0.891,0,0.0942,-4.36,1,0.043,104.031,0.329,8,4,"0"
"194",0.0223,0.702,203760,0.635,0,0.283,-6.917,0,0.265,144.004,0.873,11,4,"0"
"195",0.356,0.524,254293,0.586,0,0.121,-5.431,1,0.0262,101.214,0.285,9,4,"0"
"196",0.00755,0.749,217907,0.881,7.81e-05,0.0974,-5.446,0,0.0449,120.034,0.337,10,4,"0"
"197",0.0149,0.921,191252,0.467,0.000238,0.334,-8.443,1,0.119,135.995,0.287,1,4,"0"
"198",0.00986,0.658,323747,0.592,4.21e-06,0.377,-5.203,0,0.0318,114.058,0.323,11,4,"0"
"199",0.124,0.863,236293,0.576,0,0.143,-5.687,0,0.239,132.054,0.832,5,4,"0"
"200",0.178,0.585,179347,0.655,0,0.0842,-8.151,1,0.12,159.96,0.574,5,4,"0"
"201",0.0786,0.724,200813,0.904,0,0.226,-3.354,0,0.0966,90.999,0.846,8,4,"0"
"202",0.226,0.575,193333,0.844,0,0.0538,-1.772,0,0.0633,87.007,0.542,3,4,"0"
"203",0.695,0.543,314075,0.394,0.000239,0.108,-9.637,1,0.0864,137.811,0.118,8,4,"0"
"204",0.782,0.567,249191,0.388,0.000309,0.248,-9.579,0,0.0384,116.362,0.452,9,4,"0"
"205",0.67,0.544,184516,0.552,4.57e-05,0.415,-7.45,1,0.0991,159.738,0.554,9,3,"0"
"206",0.0485,0.746,174933,0.846,0,0.195,-2.432,1,0.048,114.955,0.403,9,4,"0"
"207",0.42,0.466,307151,0.548,1.01e-06,0.113,-9.362,0,0.118,89.815,0.423,5,4,"0"
"208",0.0542,0.779,153429,0.455,0,0.177,-15.025,1,0.28,140.181,0.197,1,4,"0"
"209",0.0657,0.44,237984,0.666,0,0.197,-4.82,0,0.193,82.922,0.544,1,4,"0"
"210",0.163,0.209,295533,0.418,0.00195,0.113,-8.74,1,0.0338,138.265,0.123,3,4,"0"
"211",0.133,0.558,231813,0.801,0,0.392,-5.795,1,0.131,105.006,0.831,7,4,"0"
"212",0.234,0.795,209453,0.482,3.99e-06,0.104,-8.995,1,0.22,132.985,0.0602,11,4,"0"
"213",0.0489,0.567,194507,0.839,0,0.103,-4.048,0,0.0698,160.062,0.903,6,4,"0"
"214",0.161,0.634,188053,0.78,0,0.112,-4.928,1,0.0477,101.066,0.93,8,4,"0"
"215",0.0282,0.671,189127,0.916,0.00762,0.24,-4.014,0,0.0397,126.01,0.803,6,4,"0"
"216",0.0628,0.626,233827,0.831,0,0.0799,-5.69,1,0.0481,100.009,0.304,7,4,"0"
"217",0.804,0.568,260533,0.293,1.26e-05,0.107,-10.253,1,0.0313,147.175,0.247,1,4,"0"
"218",0.0661,0.557,202347,0.676,0,0.0871,-4.457,1,0.027,108.016,0.678,7,4,"0"
"219",0.254,0.397,354320,0.396,0,0.268,-9.91,1,0.05,142.913,0.227,3,4,"0"
"220",0.062,0.536,191942,0.721,0,0.824,-6.44,0,0.386,117.139,0.393,10,5,"0"
"221",0.258,0.667,234213,0.624,0,0.145,-5.397,0,0.0698,124.012,0.39,6,4,"0"
"222",0.0133,0.639,233173,0.71,0,0.118,-7.445,1,0.0275,119.989,0.378,1,4,"0"
"223",0.125,0.546,278613,0.805,9.27e-06,0.148,-4.251,1,0.0348,77.029,0.387,0,4,"0"
"224",0.133,0.694,201122,0.712,0,0.211,-3.923,0,0.046,98.022,0.799,7,4,"0"
"225",0.106,0.413,281980,0.928,0,0.331,-3.671,1,0.321,83.203,0.469,9,4,"0"
"226",0.00338,0.553,243933,0.936,1.35e-06,0.102,-5.015,1,0.11,144.884,0.412,9,4,"0"
"227",0.0995,0.346,169773,0.7,0,0.253,-6.407,0,0.0504,100.768,0.351,10,4,"0"
"228",0.329,0.833,149080,0.673,0,0.136,-6.981,0,0.315,148.019,0.753,1,4,"0"
"229",0.212,0.921,215373,0.373,0,0.105,-11.513,1,0.328,125.981,0.179,6,4,"0"
"230",0.118,0.602,177306,0.929,0,0.103,-2.741,0,0.0839,130.024,0.677,6,4,"0"
"231",0.965,0.71,275280,0.0565,0,0.0889,-15.099,1,0.0534,123.994,0.348,7,4,"0"
"232",0.00312,0.583,213428,0.732,9.86e-06,0.269,-5.728,0,0.0457,145.992,0.276,11,4,"0"
"233",0.0901,0.828,216093,0.777,0,0.0973,-3.356,1,0.0513,120.04,0.867,7,4,"0"
"234",0.00589,0.63,193893,0.74,1.53e-06,0.248,-4.786,0,0.0381,87.01,0.3,5,4,"0"
"235",0.00538,0.773,162365,0.706,0.0148,0.0208,-5.709,1,0.0999,160.912,0.693,0,4,"0"
"236",0.00172,0.542,203347,0.905,0.0104,0.136,-5.653,1,0.054,153.398,0.374,9,4,"0"
"237",0.613,0.664,160097,0.573,0.000363,0.0857,-6.519,1,0.0277,76.023,0.566,5,4,"0"
"238",0.463,0.731,165387,0.469,1.04e-06,0.103,-7.226,1,0.0326,98.963,0.631,5,4,"0"
"239",0.242,0.865,242407,0.687,0,0.158,-3.744,0,0.217,139.023,0.486,10,4,"0"
"240",0.351,0.656,260293,0.409,0.198,0.115,-8.913,1,0.0479,173.898,0.711,7,4,"0"
"241",0,0,73887,2.01e-05,0,0,-15.776,1,0,0,0,5,0,"0"
"242",0.356,0.613,220413,0.667,1.29e-05,0.111,-6.874,0,0.029,130.023,0.481,1,4,"0"
"243",0.00575,0.502,235613,0.966,1.56e-06,0.117,-3.876,1,0.0946,159.948,0.638,0,4,"0"
"244",0.198,0.736,227707,0.964,2.32e-06,0.336,-2.147,1,0.129,179.935,0.953,0,4,"0"
"245",0.135,0.875,222600,0.673,0,0.292,-4.184,1,0.0932,130,0.231,7,4,"0"
"246",0.192,0.715,238320,0.703,0,0.113,-3.825,1,0.0503,119.749,0.596,5,4,"0"
"247",0.0183,0.741,188493,0.627,0,0.0909,-4.816,0,0.0894,108.016,0.708,1,4,"0"
"248",0.468,0.322,248467,0.28,1.1e-06,0.102,-9.367,0,0.0281,85.794,0.175,6,4,"0"
"249",0.0157,0.576,223265,0.807,0,0.0338,-4.602,1,0.0454,158.002,0.765,2,4,"0"
"250",0.0235,0.835,189853,0.436,0,0.635,-9.602,1,0.176,133.942,0.234,0,3,"0"
"251",0.0244,0.789,209413,0.608,0,0.368,-8.288,1,0.189,129.958,0.271,7,4,"0"
"252",0.0581,0.772,218947,0.701,0.00159,0.106,-6.605,0,0.0724,159.954,0.69,0,4,"0"
"253",0.00427,0.762,232093,0.666,0,0.127,-6.055,1,0.0916,118.97,0.278,0,4,"0"
"254",0.000937,0.616,218947,0.893,0,0.111,-3.588,1,0.0375,111.959,0.567,11,4,"0"
"255",0.00201,0.711,220427,0.441,2.59e-06,0.08,-9.516,1,0.466,145.198,0.115,1,4,"0"
"256",0.0269,0.704,196853,0.604,0,0.0835,-4.865,1,0.0308,115.48,0.478,1,4,"0"
"257",0.0661,0.695,334253,0.777,0,0.874,-2.452,0,0.0817,135.01,0.36,6,4,"0"
"258",0.0722,0.7,302000,0.742,0.0199,0.11,-6.777,0,0.0716,91.959,0.197,5,4,"0"
"259",0.157,0.895,240000,0.681,0,0.189,-5.267,0,0.358,121.918,0.554,7,4,"0"
"260",0.693,0.349,257360,0.486,1.73e-06,0.122,-7.232,1,0.0289,101.053,0.158,11,3,"0"
"261",0.485,0.373,260667,0.356,0,0.165,-9.049,1,0.0454,94.612,0.258,10,3,"0"
"262",0.000171,0.494,182720,0.885,0,0.114,-5.725,1,0.0326,75.992,0.471,10,4,"0"
"263",0.273,0.618,253080,0.812,0,0.0734,-4.758,0,0.0483,95.093,0.868,3,4,"0"
"264",0.108,0.53,194613,0.433,0,0.135,-10.598,1,0.185,160.14,0.274,6,4,"0"
"265",0.000598,0.573,197120,0.635,0,0.0845,-6.621,1,0.0275,144.031,0.447,7,4,"0"
"266",0.321,0.667,171250,0.492,0,0.0744,-8.612,1,0.03,95.976,0.796,8,4,"0"
"267",0.496,0.846,197840,0.711,0,0.247,-7.939,1,0.061,120.013,0.883,0,4,"0"
"268",0.283,0.792,224213,0.563,0,0.128,-4.838,1,0.0793,133.996,0.288,1,4,"0"
"269",0.0291,0.589,212627,0.651,3.2e-06,0.111,-5.097,1,0.0306,90.011,0.166,6,4,"0"
"270",0.0203,0.586,220573,0.701,0,0.055,-5.326,0,0.0416,104.957,0.254,1,4,"0"
"271",0.243,0.517,197931,0.743,3.36e-06,0.107,-4.336,1,0.0363,76.979,0.664,9,4,"0"
"272",0.305,0.687,206507,0.793,3.23e-06,0.1,-3.577,1,0.0333,100.991,0.673,5,4,"0"
"273",0.00887,0.765,170752,0.505,1.05e-06,0.108,-7.585,0,0.126,135.046,0.143,8,4,"0"
"274",0.0266,0.394,185413,0.8,0,0.184,-4.17,0,0.0413,162.053,0.525,4,4,"0"
"275",0.0319,0.589,240653,0.673,5.68e-06,0.108,-7.082,1,0.167,193.783,0.209,7,4,"0"
"276",0.0196,0.882,257267,0.699,0,0.0469,-5.572,1,0.249,145.008,0.42,2,4,"0"
"277",0.0261,0.706,204027,0.568,0,0.3,-5.737,1,0.201,64.049,0.256,4,4,"0"
"278",0.0667,0.621,185194,0.743,0,0.0822,-4.398,1,0.0422,91.51,0.596,7,4,"0"
"279",0.257,0.662,223440,0.507,0,0.0465,-8.238,1,0.118,86.412,0.676,5,4,"0"
"280",0.0487,0.503,203105,0.843,0,0.344,-4.991,0,0.316,128.63,0.778,10,4,"0"
"281",0.0942,0.749,219320,0.884,0,0.191,-6.07,1,0.243,140.077,0.705,1,4,"0"
"282",0.403,0.667,194453,0.613,0,0.115,-5.353,1,0.0344,91.024,0.47,1,4,"0"
"283",0.6,0.435,232853,0.562,8e-04,0.316,-5.067,1,0.0284,136.589,0.301,4,4,"0"
"284",0.352,0.44,297373,0.421,1.33e-05,0.136,-11.399,0,0.154,87.629,0.116,6,4,"0"
"285",0.0829,0.711,238120,0.254,0,0.0865,-14.404,0,0.0863,79.904,0.253,1,4,"0"
"286",0.56,0.813,253887,0.46,0.0105,0.0724,-9.78,1,0.0346,117.387,0.729,1,4,"0"
"287",0.618,0.635,333947,0.319,1.69e-06,0.117,-8.727,1,0.118,118.844,0.327,0,4,"0"
"288",0.566,0.573,199373,0.415,0.00158,0.089,-9.49,0,0.101,99.289,0.321,4,4,"0"
"289",0.103,0.622,236413,0.545,2.16e-05,0.0637,-6.689,0,0.0361,135.868,0.213,9,4,"0"
"290",0.0304,0.681,184040,0.845,0,0.197,-5.147,0,0.0525,132.023,0.761,11,4,"0"
"291",0.0819,0.613,253533,0.738,0,0.32,-6.926,1,0.311,82.833,0.341,6,4,"0"
"292",0.137,0.4,328907,0.574,0,0.381,-7.593,0,0.0494,128.584,0.199,9,4,"0"
"293",0.131,0.711,215933,0.602,0,0.0633,-5.698,1,0.0691,110.947,0.823,7,4,"0"
"294",0.723,0.714,221940,0.343,5.48e-06,0.102,-7.641,1,0.38,72.348,0.372,10,4,"0"
"295",0.149,0.325,230200,0.682,0,0.2,-6.01,0,0.0608,71.4,0.356,4,4,"0"
"296",0.0599,0.797,224240,0.469,0,0.0753,-8.112,1,0.0646,103.057,0.481,8,4,"0"
"297",0.0714,0.618,263800,0.731,5.05e-05,0.421,-5.181,1,0.0321,116.008,0.352,7,4,"0"
"298",0.0472,0.757,218235,0.678,9.14e-06,0.0654,-5.529,0,0.233,120.075,0.82,8,4,"0"
"299",0.0651,0.457,169130,0.525,0.00236,0.12,-8.875,1,0.0386,137.864,0.193,6,4,"0"
"300",0.275,0.609,209280,0.813,0,0.205,-5.599,1,0.0368,89.964,0.54,0,4,"0"
"301",0.101,0.556,190640,0.873,0.000131,0.176,-5.056,1,0.0348,104.986,0.48,1,4,"0"
"302",0.396,0.312,273682,0.73,0.00201,0.942,-7.433,1,0.126,140.099,0.267,11,4,"0"
"303",0.346,0.635,221688,0.459,0,0.111,-7.932,1,0.0346,130.036,0.365,11,4,"0"
"304",0.0724,0.545,205333,0.865,4.79e-06,0.919,-2.601,0,0.0522,89.992,0.332,6,4,"0"
"305",0.283,0.816,240747,0.851,0,0.543,-4.166,0,0.19,137.968,0.568,8,4,"0"
"306",0.0202,0.621,385413,0.851,1.45e-05,0.887,-5.558,1,0.134,90.94,0.449,7,4,"0"
"307",0.882,0.18,259152,0.188,0.75,0.107,-13.963,0,0.0405,169.211,0.168,7,3,"0"
"308",0.551,0.755,184615,0.335,5.79e-05,0.109,-10.546,1,0.138,130.039,0.38,7,4,"0"
"309",0.847,0.572,249160,0.35,0,0.26,-10.042,1,0.335,105.585,0.422,10,4,"0"
"310",0.00842,0.796,173987,0.61,0.00286,0.351,-5.857,1,0.0516,103.99,0.391,1,4,"0"
"311",0.956,0.176,161373,0.153,0.00012,0.158,-15.969,1,0.0365,84.741,0.157,0,1,"0"
"312",0.0565,0.853,205879,0.547,0,0.341,-7.535,1,0.194,142.065,0.676,1,4,"0"
"313",0.118,0.734,194080,0.671,0.00317,0.352,-7.107,1,0.0315,94.025,0.113,1,4,"0"
"314",0.0424,0.647,201253,0.646,0,0.0888,-5.483,0,0.243,92.981,0.721,9,4,"0"
"315",0.00275,0.336,201867,0.758,0,0.189,-4.187,1,0.0451,77.807,0.236,5,4,"0"
"316",0.0566,0.526,267212,0.655,0,0.116,-4.208,0,0.326,121.127,0.156,1,4,"0"
"317",0.147,0.617,208120,0.8,0,0.0852,-5.024,0,0.0654,94.985,0.42,4,4,"0"
"318",0.461,0.381,348853,0.484,0,0.0821,-9.858,0,0.0482,104.593,0.248,7,4,"0"
"319",0.248,0.662,179613,0.496,0,0.0769,-8.267,1,0.109,81.951,0.133,5,4,"0"
"320",0.0236,0.543,210573,0.589,2.99e-05,0.0798,-9.496,1,0.0421,129.813,0.255,4,4,"0"
"321",0.00157,0.776,182733,0.662,2.1e-05,0.0887,-7.016,0,0.0489,152.927,0.324,1,4,"0"
"322",0.00559,0.637,230467,0.891,0.000144,0.0656,-5.809,1,0.0785,121.946,0.607,5,4,"0"
"323",0.414,0.443,173960,0.831,0,0.204,-5.606,1,0.0616,182.064,0.588,11,4,"0"
"324",0.00525,0.845,257600,0.399,0.74,0.102,-7.509,1,0.309,143.049,0.148,1,4,"0"
"325",0.59,0.655,273947,0.328,0.0884,0.0856,-10.632,1,0.103,89.925,0.261,6,4,"0"
"326",0.378,0.448,210704,0.782,0,0.114,-6.766,0,0.458,74.037,0.694,9,4,"0"
"327",0.047,0.643,163870,0.783,0,0.083,-6.458,1,0.0856,154.084,0.579,10,4,"0"
"328",0.112,0.893,176855,0.646,0,0.104,-5.073,0,0.1,132.97,0.468,11,4,"0"
"329",0.455,0.56,212424,0.592,0,0.297,-6.951,1,0.0544,112.684,0.564,9,4,"0"
"330",0.381,0.66,227427,0.383,0,0.119,-9.377,1,0.0304,83.096,0.381,2,4,"0"
"331",0.013,0.531,244147,0.673,0.0583,0.0973,-9.459,1,0.0337,87.099,0.602,9,4,"0"
"332",0.0363,0.386,181573,0.587,3.71e-06,0.332,-4.454,1,0.0519,96.072,0.0565,10,4,"0"
"333",0.052,0.751,235493,0.768,0,0.0848,-7.089,1,0.0346,120.084,0.881,1,4,"0"
"334",0.637,0.596,320680,0.393,0,0.539,-8.714,1,0.383,107.425,0.36,8,4,"0"
"335",0.00205,0.57,178600,0.865,0,0.404,-4.518,1,0.0472,110.01,0.691,8,4,"0"
"336",0.348,0.381,290907,0.594,0,0.0925,-5.97,1,0.0486,143.86,0.273,3,4,"0"
"337",0.0109,0.699,184880,0.7,0.0794,0.152,-5.704,1,0.0392,102.023,0.3,11,4,"0"
"338",0.313,0.667,236120,0.423,0,0.193,-7.146,0,0.0822,125.116,0.156,9,4,"0"
"339",0.17,0.472,293293,0.369,0.00618,0.0808,-10.916,1,0.0317,101.624,0.452,9,4,"0"
"340",0.835,0.74,213933,0.303,0,0.0782,-8.612,1,0.117,91.958,0.819,3,4,"0"
"341",0.0424,0.61,191600,0.857,2e-06,0.128,-5.267,0,0.0877,125.838,0.373,8,4,"0"
"342",0.00545,0.8,269840,0.569,0.000319,0.0542,-6.843,0,0.119,119.954,0.325,1,4,"0"
"343",0.593,0.837,147240,0.562,0,0.104,-6.038,1,0.492,100.17,0.149,1,4,"0"
"344",0.216,0.674,256533,0.568,0,0.0863,-7.678,1,0.0349,130.081,0.321,7,4,"0"
"345",0.0247,0.565,192133,0.832,0,0.26,-5.732,0,0.114,112.827,0.233,10,4,"0"
"346",0.146,0.506,219000,0.897,0.000451,0.0868,-4.632,1,0.26,188.03,0.525,9,4,"0"
"347",0.112,0.695,223853,0.774,0,0.148,-4.543,0,0.0944,114.043,0.744,9,4,"0"
"348",0.00218,0.926,197747,0.517,0,0.091,-6.794,1,0.184,132.07,0.284,9,4,"0"
"349",0.076,0.498,190773,0.968,0,0.0947,-1.18,1,0.113,161.989,0.491,8,4,"0"
"350",0.0325,0.769,176387,0.632,0,0.116,-4.228,0,0.0537,131.932,0.294,10,4,"0"
"351",0.0419,0.661,227423,0.819,0,0.114,-6.118,0,0.0476,108.985,0.332,1,4,"0"
"352",0.0334,0.741,216947,0.72,1e-05,0.128,-4.702,0,0.0486,118.031,0.826,5,4,"0"
"353",0.158,0.808,179293,0.464,0,0.124,-7.767,0,0.0599,108.817,0.651,1,4,"0"
"354",0.225,0.885,192376,0.801,1.65e-06,0.0733,-4.716,0,0.0882,95.011,0.466,11,4,"0"
"355",0.36,0.744,286236,0.589,0,0.119,-1.218,0,0.0359,127.051,0.242,5,4,"0"
"356",0.00205,0.638,263787,0.924,0.000173,0.149,-3.887,1,0.0359,111.995,0.529,7,4,"0"
"357",0.0352,0.488,236787,0.833,0.0172,0.34,-6.571,1,0.0437,174.006,0.751,11,4,"0"
"358",0.0935,0.814,200774,0.635,0,0.0892,-6.609,0,0.0809,87.581,0.784,7,4,"0"
"359",0.0223,0.702,203760,0.635,0,0.283,-6.917,0,0.265,144.004,0.873,11,4,"0"
"360",0.097,0.646,179360,0.882,0,0.311,-3.77,0,0.0371,101.997,0.544,4,4,"0"
"361",0.38,0.62,209253,0.764,0.000154,0.112,-6.757,1,0.0314,86.996,0.461,8,4,"0"
"362",0.842,0.901,207813,0.509,0,0.0531,-6.777,0,0.492,129.924,0.544,8,4,"0"
"363",0.0462,0.75,200492,0.683,1.32e-06,0.297,-4.829,0,0.12,111.066,0.539,9,4,"0"
"364",0.00282,0.681,214720,0.608,0,0.0869,-7.344,0,0.0504,81.969,0.177,7,4,"0"
"365",0.00767,0.713,262693,0.526,0.000148,0.124,-5.046,1,0.032,131.05,0.131,1,4,"0"
"366",0.013,0.551,240760,0.801,6.03e-06,0.265,-5.069,1,0.0303,128.027,0.625,6,4,"0"
"367",0.0188,0.768,201238,0.881,3.65e-06,0.298,-4.392,0,0.113,99.98,0.502,9,4,"0"
"368",0.114,0.858,290836,0.697,0,0.224,-5.361,1,0.23,98.012,0.364,2,4,"0"
"369",0.501,0.407,258093,0.558,0,0.093,-4.753,1,0.0347,113.666,0.143,0,4,"0"
"370",0.245,0.87,198440,0.699,6.76e-06,0.0588,-5.541,0,0.0459,126.967,0.726,5,4,"0"
"371",0.0913,0.769,203992,0.631,0,0.114,-6.769,1,0.0568,100.968,0.512,1,4,"0"
"372",0.231,0.638,183947,0.733,0,0.103,-4.7,1,0.052,87.999,0.651,4,4,"0"
"373",0.00107,0.557,235800,0.828,1.48e-05,0.34,-6.848,1,0.0388,92.002,0.307,7,4,"0"
"374",0.0187,0.61,210606,0.664,0.0049,0.473,-6.838,0,0.0372,126.085,0.426,2,4,"0"
"375",0.0568,0.841,217226,0.611,0,0.47,-3.943,1,0.175,137.048,0.391,10,4,"0"
"376",0.0164,0.586,208864,0.927,7.24e-06,0.153,-3.014,1,0.0547,111.977,0.549,2,4,"0"
"377",0.0713,0.573,229880,0.789,0,0.229,-5.349,1,0.232,136.08,0.423,8,4,"0"
"378",0.42,0.711,181510,0.662,0,0.0723,-5.947,0,0.175,130.037,0.755,10,4,"0"
"379",0.00182,0.606,205746,0.763,0.000159,0.116,-6.197,0,0.0669,130.018,0.309,10,4,"0"
"380",0.0408,0.553,335267,0.882,0.241,0.146,-5.515,1,0.0294,97.006,0.529,6,4,"0"
"381",0.882,0.587,271800,0.283,0,0.149,-5.473,1,0.0279,141.961,0.343,4,4,"0"
"382",0.0349,0.797,189098,0.896,0,0.635,-3.678,1,0.0512,120.037,0.685,5,4,"0"
"383",0.0525,0.599,193333,0.869,0.00719,0.103,-3.697,1,0.0789,108.061,0.593,0,4,"0"
"384",0.048,0.511,205851,0.897,0,0.196,-4.492,1,0.07,164.908,0.327,2,4,"0"
"385",0.308,0.883,146000,0.85,0,0.368,-4.053,0,0.361,150.138,0.711,10,4,"0"
"386",0.069,0.865,210893,0.732,0,0.0397,-5.242,1,0.0436,97.019,0.742,6,4,"0"
"387",0.43,0.692,212760,0.733,2.35e-06,0.351,-6.012,1,0.0313,109.989,0.419,2,4,"0"
"388",0.144,0.864,238534,0.551,0,0.104,-5.198,1,0.22,139.934,0.38,3,4,"0"
"389",0.0181,0.932,192773,0.819,6.81e-06,0.0577,-3.484,0,0.203,119.941,0.556,8,4,"0"
"390",0.128,0.574,300107,0.629,0,0.271,-8.815,0,0.0363,153.119,0.786,2,4,"0"
"391",0.0485,0.812,173045,0.479,0,0.102,-6.47,1,0.0429,95.505,0.0873,8,4,"0"
"392",0.302,0.696,292987,0.521,0,0.0565,-8.465,0,0.332,100,0.458,10,4,"0"
"393",0.188,0.664,193962,0.738,5.75e-05,0.135,-4.095,0,0.0338,119.973,0.203,9,4,"0"
"394",0.00157,0.79,217707,0.676,0,0.25,-6.432,0,0.271,132.002,0.314,8,4,"0"
"395",0.0389,0.387,225413,0.861,0.00047,0.1,-5.529,1,0.0413,177.94,0.482,4,4,"0"
"396",0.017,0.877,265600,0.71,0,0.1,-7.058,1,0.139,95.832,0.51,7,4,"0"
"397",0.716,0.505,219683,0.397,0,0.0853,-9.349,1,0.324,95.063,0.558,5,1,"0"
"398",0.0565,0.853,205879,0.547,0,0.341,-7.535,1,0.194,142.065,0.676,1,4,"0"
"399",0.0734,0.749,216653,0.701,0,0.216,-3.914,1,0.0513,81.479,0.351,1,4,"0"
"400",0.26,0.625,201013,0.569,0,0.127,-5.954,1,0.0271,149.987,0.361,0,4,"0"
"401",0.0446,0.639,214627,0.427,2.32e-05,0.107,-9.013,1,0.0336,76.08,0.457,2,4,"0"
"402",0.0339,0.447,224067,0.896,0,0.882,-5.57,1,0.173,173.852,0.533,9,4,"0"
"403",0.00302,0.562,158667,0.904,0,0.0433,-4.947,1,0.0807,94.481,0.651,1,4,"0"
"404",0.0161,0.739,238339,0.539,0,0.235,-9.735,1,0.337,85.082,0.835,6,4,"0"
"405",0.0427,0.314,199947,0.611,6.28e-05,0.184,-6.691,0,0.129,191.447,0.0604,9,4,"0"
"406",0.0118,0.448,183808,0.694,0,0.34,-5.066,0,0.0303,86.897,0.336,0,4,"0"
"407",0.0137,0.462,203507,0.538,0,0.429,-5.527,1,0.059,139.256,0.405,0,4,"0"
"408",0.141,0.669,242440,0.747,0,0.185,-7.108,1,0.0428,122.531,0.483,6,4,"0"
"409",0.0978,0.901,190595,0.292,0,0.0816,-7.74,1,0.289,100.54,0.338,2,4,"0"
"410",0.184,0.687,212947,0.563,0,0.0681,-6.214,1,0.163,185.056,0.112,2,4,"0"
"411",0.0192,0.795,237054,0.646,0,0.278,-9.001,1,0.436,80.027,0.619,8,4,"0"
"412",0.218,0.784,170186,0.814,0.000436,0.0781,-6.475,0,0.0806,102.052,0.835,10,4,"0"
"413",0.297,0.633,211160,0.673,0,0.206,-6.403,0,0.258,86.776,0.659,6,4,"0"
"414",0.0748,0.299,318813,0.443,0.000138,0.177,-12.621,1,0.0346,139.539,0.434,0,4,"0"
"415",0.444,0.667,248440,0.705,0,0.107,-7.657,1,0.0488,113.808,0.506,2,4,"0"
"416",0.206,0.366,597933,0.552,0.0595,0.178,-8.35,1,0.0317,97.98,0.114,6,4,"0"
"417",0.0405,0.525,181680,0.674,0,0.339,-6.053,1,0.0282,147.978,0.431,1,4,"0"
"418",0.0444,0.584,214950,0.79,4.22e-05,0.0734,-6.544,1,0.0412,123.961,0.691,2,4,"0"
"419",0.00116,0.746,173893,0.764,8.19e-06,0.0867,-5.066,0,0.0423,137.98,0.518,0,4,"0"
"420",0.0219,0.897,285240,0.642,1.31e-06,0.159,-8.828,1,0.0534,127.984,0.291,2,4,"0"
"421",0.0933,0.813,208027,0.453,0,0.14,-6.941,1,0.338,161.997,0.191,1,4,"0"
"422",0.18,0.775,193456,0.679,7.26e-05,0.068,-4.985,0,0.135,166.008,0.619,4,4,"0"
"423",0.0894,0.64,189840,0.924,3.92e-06,0.0971,-5.577,1,0.185,99.959,0.776,0,4,"0"
"424",0.257,0.705,226494,0.453,0,0.143,-8.174,1,0.196,124.942,0.283,3,4,"0"
"425",0.000176,0.747,181081,0.486,0,0.0488,-8.121,1,0.352,160.002,0.633,8,4,"0"
"426",0.887,0.728,231333,0.253,1.11e-05,0.133,-8.427,1,0.0304,140.923,0.457,0,4,"0"
"427",0.129,0.381,167095,0.72,0,0.11,-5.168,0,0.296,189.765,0.489,10,4,"0"
"428",0.0579,0.598,258120,0.441,0,0.0635,-7.128,0,0.155,79.175,0.481,6,4,"0"
"429",0.0265,0.729,171333,0.672,0,0.244,-6.749,1,0.282,159.903,0.595,7,4,"0"
"430",0.453,0.682,237840,0.707,0.00733,0.419,-5.611,1,0.207,139.163,0.439,2,4,"0"
"431",0.763,0.707,275227,0.709,0,0.274,-3.979,0,0.34,89.094,0.501,11,4,"0"
"432",0.0939,0.934,209580,0.671,0,0.0812,-5.458,0,0.151,129.951,0.804,7,4,"0"
"433",0.844,0.359,188933,0.15,1.15e-06,0.108,-15.745,1,0.041,139.208,0.204,1,4,"0"
"434",0.0195,0.632,260453,0.516,0,0.139,-8.088,1,0.035,133.71,0.328,6,4,"0"
"435",0.302,0.497,203373,0.312,0,0.0968,-9.088,0,0.0269,105.036,0.177,11,4,"0"
"436",0.794,0.65,128093,0.148,0,0.163,-12.974,1,0.0434,87.508,0.615,0,4,"0"
"437",0.00898,0.635,170638,0.472,0,0.117,-3.869,0,0.511,174.008,0.373,8,4,"0"
"438",0.151,0.589,186253,0.704,0,0.067,-4.772,1,0.0303,84.956,0.437,4,4,"0"
"439",0.392,0.629,241613,0.878,0,0.0899,-3.535,1,0.0443,137.989,0.714,9,4,"0"
"440",0.172,0.492,296493,0.676,0,0.239,-6.861,1,0.0516,110.232,0.412,8,3,"0"
"441",0.13,0.794,291893,0.646,0,0.14,-6.235,1,0.0614,145.931,0.322,0,4,"1"
"442",0.168,0.675,230453,0.595,3.36e-06,0.136,-7.033,1,0.284,185.998,0.491,7,4,"1"
"443",0.414,0.748,244960,0.524,0,0.111,-5.599,1,0.0338,95.01,0.661,8,4,"1"
"444",0.034,0.818,225983,0.803,0,0.153,-4.282,1,0.0797,106.97,0.632,1,4,"1"
"445",0.0373,0.65,226160,0.728,0,0.328,-5.914,0,0.232,159.167,0.619,6,4,"1"
"446",0.0578,0.737,245653,0.452,1.48e-05,0.187,-8.366,1,0.0534,117.962,0.096,0,4,"1"
"447",0.0995,0.613,234213,0.702,0,0.116,-6.498,1,0.0458,133.932,0.372,7,4,"1"
"448",0.00381,0.807,144244,0.887,0,0.391,-3.892,1,0.275,160.517,0.78,1,4,"1"
"449",0.235,0.656,256733,0.578,0,0.118,-8.97,0,0.0922,94.514,0.556,7,4,"1"
"450",0.341,0.776,214265,0.62,0,0.0978,-6.198,1,0.067,100.025,0.427,7,4,"1"
"451",0.108,0.927,210937,0.488,0,0.196,-9.433,0,0.42,133.987,0.605,9,4,"1"
"452",0.21,0.675,239293,0.69,0,0.287,-4.761,1,0.132,137.817,0.272,2,4,"1"
"453",0.0841,0.732,195920,0.396,3.58e-05,0.105,-9.348,0,0.0286,90.024,0.548,4,4,"1"
"454",0.236,0.886,225205,0.525,0,0.057,-7.39,1,0.132,145.99,0.708,8,4,"1"
"455",0.687,0.492,251034,0.275,0,0.101,-13.4,0,0.3,92.6,0.18,6,4,"1"
"456",0.118,0.672,187973,0.81,0,0.106,-4.104,0,0.226,82.888,0.771,10,4,"1"
"457",0.0106,0.669,237547,0.832,0,0.0968,-5.72,1,0.0682,113.035,0.7,0,4,"1"
"458",0.055,0.602,185360,0.797,0,0.187,-5.084,0,0.0534,92.928,0.492,6,4,"1"
"459",0.0472,0.628,211667,0.698,0.00143,0.0907,-5.608,0,0.105,89.976,0.732,6,4,"1"
"460",0.157,0.532,208373,0.869,0.00508,0.136,-5.094,1,0.172,159.803,0.422,11,4,"1"
"461",0.199,0.63,222160,0.928,0.124,0.148,-2.787,0,0.0331,123.963,0.465,9,4,"1"
"462",0.00835,0.645,214507,0.713,0,0.113,-5.355,1,0.0393,74.989,0.566,6,4,"1"
"463",0.107,0.688,191600,0.325,0,0.0837,-8.083,0,0.251,110.888,0.275,5,4,"1"
"464",0.00842,0.796,173987,0.61,0.00286,0.351,-5.857,1,0.0516,103.99,0.391,1,4,"1"
"465",0.0235,0.72,247867,0.748,0,0.369,-5.522,0,0.393,145.22,0.246,10,4,"1"
"466",0.0415,0.69,223080,0.524,3.16e-06,0.17,-8.39,0,0.103,164.023,0.562,6,4,"1"
"467",0.621,0.728,217707,0.563,0,0.179,-8.053,0,0.134,100.017,0.352,1,4,"1"
"468",0.103,0.803,214480,0.585,3.94e-06,0.0644,-5.861,1,0.0432,105.017,0.593,8,4,"1"
"469",0.0114,0.632,215414,0.701,0,0.108,-5.921,1,0.146,162.958,0.497,7,4,"1"
"470",0.0644,0.667,219320,0.538,0,0.0928,-6.294,1,0.0953,91.296,0.527,11,4,"1"
"471",0.034,0.665,197933,0.725,9.17e-06,0.0864,-6.588,0,0.12,101.96,0.703,7,4,"1"
"472",0.287,0.765,237300,0.473,0,0.391,-5.829,1,0.0514,119.992,0.34,10,4,"1"
"473",0.0462,0.734,202333,0.637,2.29e-05,0.0602,-5.677,0,0.141,169.977,0.648,4,4,"1"
"474",0.621,0.728,217707,0.563,0,0.179,-8.053,0,0.134,100.017,0.352,1,4,"1"
"475",0.156,0.774,219147,0.765,0,0.0373,-5.439,0,0.0502,119.001,0.917,4,4,"1"
"476",0.856,0.607,233720,0.376,0,0.285,-9.954,1,0.453,102.541,0.545,4,4,"1"
"477",0.0215,0.688,192191,0.702,0,0.128,-4.792,0,0.0499,94.006,0.74,7,4,"1"
"478",0.0499,0.672,235947,0.605,0,0.357,-5.353,1,0.0378,134.015,0.297,7,3,"1"
"479",0.0117,0.838,245387,0.771,0,0.0853,-3.791,1,0.244,175.957,0.405,1,4,"1"
"480",0.117,0.584,202747,0.7,0,0.0939,-4.275,1,0.0456,124.944,0.438,11,4,"1"
"481",0.0186,0.757,251467,0.672,0,0.158,-6.524,0,0.0955,111.996,0.382,0,4,"1"
"482",0.596,0.426,212817,0.294,0.00131,0.132,-11.835,1,0.0312,75.228,0.141,2,4,"1"
"483",0.000953,0.59,257747,0.808,1.53e-06,0.0918,-6.728,1,0.0408,106.029,0.601,1,4,"1"
"484",0.0196,0.592,206880,0.752,0,0.0477,-6.589,1,0.114,74.784,0.726,1,4,"1"
"485",0.166,0.639,204016,0.651,0,0.131,-5.959,0,0.213,113.976,0.328,5,4,"1"
"486",0.00322,0.592,202451,0.455,3.72e-05,0.154,-7.698,1,0.393,146.316,0.0633,1,4,"1"
"487",0.0353,0.367,520787,0.452,0.00228,0.689,-10.422,1,0.0307,113.066,0.189,10,4,"1"
"488",0.0102,0.729,352906,0.989,4.45e-05,0.443,-4.613,0,0.049,126.47,0.84,9,4,"1"
"489",0.235,0.777,188613,0.7,8.02e-06,0.836,-11.045,1,0.0869,122.94,0.802,1,4,"1"
"490",0.143,0.492,212445,0.681,0,0.199,-7.038,1,0.075,178.01,0.511,6,4,"1"
"491",0.0319,0.377,253840,0.892,0,0.253,-4.287,0,0.494,77.19,0.608,11,1,"1"
"492",0.21,0.761,215173,0.67,0.000426,0.0685,-12.759,1,0.0438,120.752,0.91,2,4,"1"
"493",0.0862,0.731,178987,0.75,0.000388,0.202,-10.457,1,0.0321,135.406,0.639,2,4,"1"
"494",0.0165,0.803,200680,0.504,5.25e-06,0.335,-7.218,0,0.0979,111.014,0.498,5,4,"1"
"495",0.336,0.481,295493,0.451,0,0.0872,-6.095,0,0.0347,157.966,0.289,5,4,"1"
"496",0.0635,0.54,242253,0.561,0,0.137,-6.987,0,0.0699,113.295,0.107,0,4,"1"
"497",0.00302,0.903,267067,0.621,0.000186,0.0504,-8.132,1,0.0578,134.969,0.553,2,4,"1"
"498",0.00256,0.618,196693,0.717,0,0.625,-5.738,1,0.318,190.05,0.603,7,4,"1"
"499",0.61,0.837,205680,0.571,0.000898,0.0849,-8.273,0,0.0922,125.034,0.801,5,4,"1"
"500",0.4,0.63,225053,0.53,0,0.177,-7.259,1,0.0434,108.038,0.417,0,3,"1"
"501",0.978,0.326,166387,0.139,3.65e-06,0.102,-19.668,1,0.0381,120.384,0.0931,5,5,"1"
"502",0.0236,0.671,229080,0.596,0,0.228,-4.005,0,0.031,98.025,0.444,11,4,"1"
"503",0.0183,0.612,202173,0.921,0,0.0576,-2.879,1,0.0848,139.986,0.453,7,4,"1"
"504",0.109,0.711,213520,0.783,0,0.0947,-5.407,0,0.0423,107.972,0.587,9,4,"1"
"505",0.00346,0.723,176561,0.809,0.00123,0.565,-3.081,0,0.0625,98.007,0.274,7,4,"1"
"506",0.371,0.558,180387,0.559,7.49e-06,0.109,-9.222,1,0.0959,78.558,0.62,6,4,"1"
"507",0.163,0.599,263400,0.448,0,0.106,-6.312,1,0.0232,95.05,0.168,8,3,"1"
"508",0.0612,0.556,220440,0.688,0.00256,0.112,-7.328,1,0.0856,140.011,0.459,8,4,"1"
"509",0.00801,0.856,269667,0.609,8.15e-05,0.0344,-7.223,1,0.0824,114.988,0.928,0,4,"1"
"510",0.302,0.447,177523,0.602,0.00233,0.107,-8.996,1,0.219,165.041,0.35,0,4,"1"
"511",0.255,0.415,200133,0.313,1.4e-05,0.117,-12.945,0,0.0561,84.953,0.0875,1,4,"1"
"512",0.328,0.508,227280,0.677,0,0.0491,-5.696,1,0.0656,121.928,0.575,1,5,"1"
"513",0.0244,0.746,222093,0.873,0,0.354,-3.803,1,0.128,148.075,0.817,7,4,"1"
"514",0.041,0.432,250286,0.781,4.21e-06,0.0789,-4.038,0,0.0567,139.432,0.197,4,4,"1"
"515",0.176,0.941,209640,0.323,0,0.205,-10.307,1,0.506,120.036,0.662,10,4,"1"
"516",0.146,0.777,181827,0.663,1.52e-05,0.174,-6.117,1,0.0305,118.016,0.614,4,4,"1"
"517",0.109,0.73,192120,0.703,0,0.0657,-5.672,0,0.0369,138.113,0.595,0,4,"1"
"518",0.596,0.426,212817,0.294,0.00131,0.132,-11.835,1,0.0312,75.228,0.141,2,4,"1"
"519",0.00801,0.856,269667,0.609,8.15e-05,0.0344,-7.223,1,0.0824,114.988,0.928,0,4,"1"
"520",0.235,0.656,256733,0.578,0,0.118,-8.97,0,0.0922,94.514,0.556,7,4,"1"
"521",0.0102,0.729,352906,0.989,4.45e-05,0.443,-4.613,0,0.049,126.47,0.84,9,4,"1"
"522",0.0578,0.737,245653,0.452,1.48e-05,0.187,-8.366,1,0.0534,117.962,0.096,0,4,"1"
"523",0.0186,0.757,251467,0.672,0,0.158,-6.524,0,0.0955,111.996,0.382,0,4,"1"
"524",0.0196,0.592,206880,0.752,0,0.0477,-6.589,1,0.114,74.784,0.726,1,4,"1"
"525",0.0644,0.667,219320,0.538,0,0.0928,-6.294,1,0.0953,91.296,0.527,11,4,"1"
"526",0.00322,0.592,202451,0.455,3.72e-05,0.154,-7.698,1,0.393,146.316,0.0633,1,4,"1"
"527",0.176,0.941,209640,0.323,0,0.205,-10.307,1,0.506,120.036,0.662,10,4,"1"
"528",0.0353,0.367,520787,0.452,0.00228,0.689,-10.422,1,0.0307,113.066,0.189,10,4,"1"
"529",0.0186,0.757,251467,0.672,0,0.158,-6.524,0,0.0955,111.996,0.382,0,4,"1"
"530",0.0499,0.672,235947,0.605,0,0.357,-5.353,1,0.0378,134.015,0.297,7,3,"1"
"531",0.00322,0.592,202451,0.455,3.72e-05,0.154,-7.698,1,0.393,146.316,0.0633,1,4,"1"
"532",0.341,0.776,214265,0.62,0,0.0978,-6.198,1,0.067,100.025,0.427,7,4,"1"
"533",0.118,0.672,187973,0.81,0,0.106,-4.104,0,0.226,82.888,0.771,10,4,"1"
"534",0.055,0.602,185360,0.797,0,0.187,-5.084,0,0.0534,92.928,0.492,6,4,"1"
"535",0.00256,0.618,196693,0.717,0,0.625,-5.738,1,0.318,190.05,0.603,7,4,"1"
"536",0.0186,0.757,251467,0.672,0,0.158,-6.524,0,0.0955,111.996,0.382,0,4,"1"
"537",0.166,0.639,204016,0.651,0,0.131,-5.959,0,0.213,113.976,0.328,5,4,"1"
"538",0.041,0.432,250286,0.781,4.21e-06,0.0789,-4.038,0,0.0567,139.432,0.197,4,4,"1"
"539",0.103,0.803,214480,0.585,3.94e-06,0.0644,-5.861,1,0.0432,105.017,0.593,8,4,"1"
"540",0.0196,0.592,206880,0.752,0,0.0477,-6.589,1,0.114,74.784,0.726,1,4,"1"
"541",0.00381,0.807,144244,0.887,0,0.391,-3.892,1,0.275,160.517,0.78,1,4,"1"
"542",0.041,0.432,250286,0.781,4.21e-06,0.0789,-4.038,0,0.0567,139.432,0.197,4,4,"1"
"543",0.199,0.63,222160,0.928,0.124,0.148,-2.787,0,0.0331,123.963,0.465,9,4,"1"
"544",0.0415,0.69,223080,0.524,3.16e-06,0.17,-8.39,0,0.103,164.023,0.562,6,4,"1"
"545",0.0499,0.672,235947,0.605,0,0.357,-5.353,1,0.0378,134.015,0.297,7,3,"1"
"546",0.034,0.665,197933,0.725,9.17e-06,0.0864,-6.588,0,0.12,101.96,0.703,7,4,"1"
"547",0.00256,0.618,196693,0.717,0,0.625,-5.738,1,0.318,190.05,0.603,7,4,"1"
"548",0.109,0.711,213520,0.783,0,0.0947,-5.407,0,0.0423,107.972,0.587,9,4,"1"
"549",0.0319,0.377,253840,0.892,0,0.253,-4.287,0,0.494,77.19,0.608,11,1,"1"
"550",0.336,0.481,295493,0.451,0,0.0872,-6.095,0,0.0347,157.966,0.289,5,4,"1"
"551",0.328,0.508,227280,0.677,0,0.0491,-5.696,1,0.0656,121.928,0.575,1,5,"1"
"552",0.236,0.886,225205,0.525,0,0.057,-7.39,1,0.132,145.99,0.708,8,4,"1"
"553",0.00256,0.618,196693,0.717,0,0.625,-5.738,1,0.318,190.05,0.603,7,4,"1"
"554",0.00842,0.796,173987,0.61,0.00286,0.351,-5.857,1,0.0516,103.99,0.391,1,4,"1"
"555",0.0415,0.69,223080,0.524,3.16e-06,0.17,-8.39,0,0.103,164.023,0.562,6,4,"1"
"556",0.143,0.492,212445,0.681,0,0.199,-7.038,1,0.075,178.01,0.511,6,4,"1"
"557",0.00835,0.645,214507,0.713,0,0.113,-5.355,1,0.0393,74.989,0.566,6,4,"1"
"558",0.108,0.927,210937,0.488,0,0.196,-9.433,0,0.42,133.987,0.605,9,4,"1"
"559",0.0462,0.734,202333,0.637,2.29e-05,0.0602,-5.677,0,0.141,169.977,0.648,4,4,"1"
"560",0.0106,0.669,237547,0.832,0,0.0968,-5.72,1,0.0682,113.035,0.7,0,4,"1"
"561",0.109,0.73,192120,0.703,0,0.0657,-5.672,0,0.0369,138.113,0.595,0,4,"1"
"562",0.0353,0.367,520787,0.452,0.00228,0.689,-10.422,1,0.0307,113.066,0.189,10,4,"1"
"563",0.236,0.886,225205,0.525,0,0.057,-7.39,1,0.132,145.99,0.708,8,4,"1"
"564",0.146,0.777,181827,0.663,1.52e-05,0.174,-6.117,1,0.0305,118.016,0.614,4,4,"1"
"565",0.0995,0.613,234213,0.702,0,0.116,-6.498,1,0.0458,133.932,0.372,7,4,"1"
"566",0.00346,0.723,176561,0.809,0.00123,0.565,-3.081,0,0.0625,98.007,0.274,7,4,"1"
"567",0.0578,0.737,245653,0.452,1.48e-05,0.187,-8.366,1,0.0534,117.962,0.096,0,4,"1"
"568",0.621,0.728,217707,0.563,0,0.179,-8.053,0,0.134,100.017,0.352,1,4,"1"
"569",0.0215,0.688,192191,0.702,0,0.128,-4.792,0,0.0499,94.006,0.74,7,4,"1"
"570",0.0235,0.72,247867,0.748,0,0.369,-5.522,0,0.393,145.22,0.246,10,4,"1"
"571",0.146,0.777,181827,0.663,1.52e-05,0.174,-6.117,1,0.0305,118.016,0.614,4,4,"1"
"572",0.0862,0.731,178987,0.75,0.000388,0.202,-10.457,1,0.0321,135.406,0.639,2,4,"1"
"573",0.108,0.927,210937,0.488,0,0.196,-9.433,0,0.42,133.987,0.605,9,4,"1"
"574",0.00835,0.645,214507,0.713,0,0.113,-5.355,1,0.0393,74.989,0.566,6,4,"1"
"575",0.0353,0.367,520787,0.452,0.00228,0.689,-10.422,1,0.0307,113.066,0.189,10,4,"1"
"576",0.199,0.63,222160,0.928,0.124,0.148,-2.787,0,0.0331,123.963,0.465,9,4,"1"
"577",0.00835,0.645,214507,0.713,0,0.113,-5.355,1,0.0393,74.989,0.566,6,4,"1"
"578",0.0319,0.377,253840,0.892,0,0.253,-4.287,0,0.494,77.19,0.608,11,1,"1"
"579",0.199,0.63,222160,0.928,0.124,0.148,-2.787,0,0.0331,123.963,0.465,9,4,"1"
"580",0.255,0.415,200133,0.313,1.4e-05,0.117,-12.945,0,0.0561,84.953,0.0875,1,4,"1"
"581",0.143,0.492,212445,0.681,0,0.199,-7.038,1,0.075,178.01,0.511,6,4,"1"
"582",0.0862,0.731,178987,0.75,0.000388,0.202,-10.457,1,0.0321,135.406,0.639,2,4,"1"
"583",0.034,0.665,197933,0.725,9.17e-06,0.0864,-6.588,0,0.12,101.96,0.703,7,4,"1"
"584",0.0353,0.367,520787,0.452,0.00228,0.689,-10.422,1,0.0307,113.066,0.189,10,4,"1"
"585",0.328,0.508,227280,0.677,0,0.0491,-5.696,1,0.0656,121.928,0.575,1,5,"1"
"586",0.166,0.639,204016,0.651,0,0.131,-5.959,0,0.213,113.976,0.328,5,4,"1"
"587",0.302,0.447,177523,0.602,0.00233,0.107,-8.996,1,0.219,165.041,0.35,0,4,"1"
"588",0.0499,0.672,235947,0.605,0,0.357,-5.353,1,0.0378,134.015,0.297,7,3,"1"
"589",0.687,0.492,251034,0.275,0,0.101,-13.4,0,0.3,92.6,0.18,6,4,"1"
"590",0.0165,0.803,200680,0.504,5.25e-06,0.335,-7.218,0,0.0979,111.014,0.498,5,4,"1"
"591",0.0165,0.803,200680,0.504,5.25e-06,0.335,-7.218,0,0.0979,111.014,0.498,5,4,"1"
"592",0.0183,0.612,202173,0.921,0,0.0576,-2.879,1,0.0848,139.986,0.453,7,4,"1"
"593",0.0612,0.556,220440,0.688,0.00256,0.112,-7.328,1,0.0856,140.011,0.459,8,4,"1"
"594",0.0106,0.669,237547,0.832,0,0.0968,-5.72,1,0.0682,113.035,0.7,0,4,"1"
"595",0.341,0.776,214265,0.62,0,0.0978,-6.198,1,0.067,100.025,0.427,7,4,"1"
"596",0.00322,0.592,202451,0.455,3.72e-05,0.154,-7.698,1,0.393,146.316,0.0633,1,4,"1"
"597",0.108,0.927,210937,0.488,0,0.196,-9.433,0,0.42,133.987,0.605,9,4,"1"
"598",0.687,0.492,251034,0.275,0,0.101,-13.4,0,0.3,92.6,0.18,6,4,"1"
"599",0.00302,0.903,267067,0.621,0.000186,0.0504,-8.132,1,0.0578,134.969,0.553,2,4,"1"
"600",0.034,0.665,197933,0.725,9.17e-06,0.0864,-6.588,0,0.12,101.96,0.703,7,4,"1"
"601",0.034,0.818,225983,0.803,0,0.153,-4.282,1,0.0797,106.97,0.632,1,4,"1"
"602",0.235,0.777,188613,0.7,8.02e-06,0.836,-11.045,1,0.0869,122.94,0.802,1,4,"1"
"603",0.0499,0.672,235947,0.605,0,0.357,-5.353,1,0.0378,134.015,0.297,7,3,"1"
"604",0.143,0.492,212445,0.681,0,0.199,-7.038,1,0.075,178.01,0.511,6,4,"1"
"605",0.166,0.639,204016,0.651,0,0.131,-5.959,0,0.213,113.976,0.328,5,4,"1"
"606",0.236,0.886,225205,0.525,0,0.057,-7.39,1,0.132,145.99,0.708,8,4,"1"
"607",0.287,0.765,237300,0.473,0,0.391,-5.829,1,0.0514,119.992,0.34,10,4,"1"
"608",0.118,0.672,187973,0.81,0,0.106,-4.104,0,0.226,82.888,0.771,10,4,"1"
"609",0.287,0.765,237300,0.473,0,0.391,-5.829,1,0.0514,119.992,0.34,10,4,"1"
"610",0.00381,0.807,144244,0.887,0,0.391,-3.892,1,0.275,160.517,0.78,1,4,"1"
"611",0.235,0.777,188613,0.7,8.02e-06,0.836,-11.045,1,0.0869,122.94,0.802,1,4,"1"
"612",0.0415,0.69,223080,0.524,3.16e-06,0.17,-8.39,0,0.103,164.023,0.562,6,4,"1"
"613",0.143,0.492,212445,0.681,0,0.199,-7.038,1,0.075,178.01,0.511,6,4,"1"
"614",0.00835,0.645,214507,0.713,0,0.113,-5.355,1,0.0393,74.989,0.566,6,4,"1"
"615",0.0353,0.367,520787,0.452,0.00228,0.689,-10.422,1,0.0307,113.066,0.189,10,4,"1"
"616",0.00835,0.645,214507,0.713,0,0.113,-5.355,1,0.0393,74.989,0.566,6,4,"1"
"617",0.199,0.63,222160,0.928,0.124,0.148,-2.787,0,0.0331,123.963,0.465,9,4,"1"
"618",0.856,0.607,233720,0.376,0,0.285,-9.954,1,0.453,102.541,0.545,4,4,"1"
"619",0.0196,0.592,206880,0.752,0,0.0477,-6.589,1,0.114,74.784,0.726,1,4,"1"
"620",0.336,0.481,295493,0.451,0,0.0872,-6.095,0,0.0347,157.966,0.289,5,4,"1"
"621",0.109,0.711,213520,0.783,0,0.0947,-5.407,0,0.0423,107.972,0.587,9,4,"1"
"622",0.0373,0.65,226160,0.728,0,0.328,-5.914,0,0.232,159.167,0.619,6,4,"1"
"623",0.4,0.63,225053,0.53,0,0.177,-7.259,1,0.0434,108.038,0.417,0,3,"1"
"624",0.0319,0.377,253840,0.892,0,0.253,-4.287,0,0.494,77.19,0.608,11,1,"1"
"625",0.596,0.426,212817,0.294,0.00131,0.132,-11.835,1,0.0312,75.228,0.141,2,4,"1"
"626",0.00842,0.796,173987,0.61,0.00286,0.351,-5.857,1,0.0516,103.99,0.391,1,4,"1"
"627",0.143,0.492,212445,0.681,0,0.199,-7.038,1,0.075,178.01,0.511,6,4,"1"
"628",0.0644,0.667,219320,0.538,0,0.0928,-6.294,1,0.0953,91.296,0.527,11,4,"1"
"629",0.4,0.63,225053,0.53,0,0.177,-7.259,1,0.0434,108.038,0.417,0,3,"1"
"630",0.21,0.761,215173,0.67,0.000426,0.0685,-12.759,1,0.0438,120.752,0.91,2,4,"1"
"631",0.157,0.532,208373,0.869,0.00508,0.136,-5.094,1,0.172,159.803,0.422,11,4,"1"
"632",0.687,0.492,251034,0.275,0,0.101,-13.4,0,0.3,92.6,0.18,6,4,"1"
"633",0.00302,0.903,267067,0.621,0.000186,0.0504,-8.132,1,0.0578,134.969,0.553,2,4,"1"
"634",0.107,0.688,191600,0.325,0,0.0837,-8.083,0,0.251,110.888,0.275,5,4,"1"
"635",0.0186,0.757,251467,0.672,0,0.158,-6.524,0,0.0955,111.996,0.382,0,4,"1"
"636",0.328,0.508,227280,0.677,0,0.0491,-5.696,1,0.0656,121.928,0.575,1,5,"1"
"637",0.0186,0.757,251467,0.672,0,0.158,-6.524,0,0.0955,111.996,0.382,0,4,"1"
"638",0.0472,0.628,211667,0.698,0.00143,0.0907,-5.608,0,0.105,89.976,0.732,6,4,"1"
"639",0.034,0.818,225983,0.803,0,0.153,-4.282,1,0.0797,106.97,0.632,1,4,"1"
"640",0.255,0.415,200133,0.313,1.4e-05,0.117,-12.945,0,0.0561,84.953,0.0875,1,4,"1"
"641",0.034,0.665,197933,0.725,9.17e-06,0.0864,-6.588,0,0.12,101.96,0.703,7,4,"1"
"642",0.687,0.492,251034,0.275,0,0.101,-13.4,0,0.3,92.6,0.18,6,4,"1"
"643",0.109,0.711,213520,0.783,0,0.0947,-5.407,0,0.0423,107.972,0.587,9,4,"1"
"644",0.0196,0.592,206880,0.752,0,0.0477,-6.589,1,0.114,74.784,0.726,1,4,"1"
"645",0.621,0.728,217707,0.563,0,0.179,-8.053,0,0.134,100.017,0.352,1,4,"1"
"646",0.0117,0.838,245387,0.771,0,0.0853,-3.791,1,0.244,175.957,0.405,1,4,"1"
"647",0.341,0.776,214265,0.62,0,0.0978,-6.198,1,0.067,100.025,0.427,7,4,"1"
"648",0.21,0.761,215173,0.67,0.000426,0.0685,-12.759,1,0.0438,120.752,0.91,2,4,"1"
"649",0.168,0.675,230453,0.595,3.36e-06,0.136,-7.033,1,0.284,185.998,0.491,7,4,"1"
"650",0.168,0.675,230453,0.595,3.36e-06,0.136,-7.033,1,0.284,185.998,0.491,7,4,"1"
"651",0.166,0.639,204016,0.651,0,0.131,-5.959,0,0.213,113.976,0.328,5,4,"1"
"652",0.341,0.776,214265,0.62,0,0.0978,-6.198,1,0.067,100.025,0.427,7,4,"1"
"653",0.596,0.426,212817,0.294,0.00131,0.132,-11.835,1,0.0312,75.228,0.141,2,4,"1"
"654",0.0644,0.667,219320,0.538,0,0.0928,-6.294,1,0.0953,91.296,0.527,11,4,"1"
"655",0.00835,0.645,214507,0.713,0,0.113,-5.355,1,0.0393,74.989,0.566,6,4,"1"
"656",0.146,0.777,181827,0.663,1.52e-05,0.174,-6.117,1,0.0305,118.016,0.614,4,4,"1"
"657",0.0244,0.746,222093,0.873,0,0.354,-3.803,1,0.128,148.075,0.817,7,4,"1"
"658",0.0114,0.632,215414,0.701,0,0.108,-5.921,1,0.146,162.958,0.497,7,4,"1"
"659",0.00322,0.592,202451,0.455,3.72e-05,0.154,-7.698,1,0.393,146.316,0.0633,1,4,"1"
"660",0.146,0.777,181827,0.663,1.52e-05,0.174,-6.117,1,0.0305,118.016,0.614,4,4,"1"
"661",0.117,0.584,202747,0.7,0,0.0939,-4.275,1,0.0456,124.944,0.438,11,4,"1"
"662",0.21,0.675,239293,0.69,0,0.287,-4.761,1,0.132,137.817,0.272,2,4,"1"
"663",0.146,0.777,181827,0.663,1.52e-05,0.174,-6.117,1,0.0305,118.016,0.614,4,4,"1"
"664",0.0183,0.612,202173,0.921,0,0.0576,-2.879,1,0.0848,139.986,0.453,7,4,"1"
"665",0.0462,0.734,202333,0.637,2.29e-05,0.0602,-5.677,0,0.141,169.977,0.648,4,4,"1"
"666",0.0102,0.729,352906,0.989,4.45e-05,0.443,-4.613,0,0.049,126.47,0.84,9,4,"1"
"667",0.21,0.675,239293,0.69,0,0.287,-4.761,1,0.132,137.817,0.272,2,4,"1"
"668",0.0186,0.757,251467,0.672,0,0.158,-6.524,0,0.0955,111.996,0.382,0,4,"1"
"669",0.0165,0.803,200680,0.504,5.25e-06,0.335,-7.218,0,0.0979,111.014,0.498,5,4,"1"
"670",0.117,0.584,202747,0.7,0,0.0939,-4.275,1,0.0456,124.944,0.438,11,4,"1"
"671",0.287,0.765,237300,0.473,0,0.391,-5.829,1,0.0514,119.992,0.34,10,4,"1"
"672",0.235,0.777,188613,0.7,8.02e-06,0.836,-11.045,1,0.0869,122.94,0.802,1,4,"1"
"673",0.336,0.481,295493,0.451,0,0.0872,-6.095,0,0.0347,157.966,0.289,5,4,"1"
"674",0.166,0.639,204016,0.651,0,0.131,-5.959,0,0.213,113.976,0.328,5,4,"1"
"675",0.0244,0.746,222093,0.873,0,0.354,-3.803,1,0.128,148.075,0.817,7,4,"1"
"676",0.166,0.639,204016,0.651,0,0.131,-5.959,0,0.213,113.976,0.328,5,4,"1"
"677",0.0244,0.746,222093,0.873,0,0.354,-3.803,1,0.128,148.075,0.817,7,4,"1"
"678",0.0995,0.613,234213,0.702,0,0.116,-6.498,1,0.0458,133.932,0.372,7,4,"1"
"679",0.0319,0.377,253840,0.892,0,0.253,-4.287,0,0.494,77.19,0.608,11,1,"1"
"680",0.978,0.326,166387,0.139,3.65e-06,0.102,-19.668,1,0.0381,120.384,0.0931,5,5,"1"
"681",0.21,0.761,215173,0.67,0.000426,0.0685,-12.759,1,0.0438,120.752,0.91,2,4,"1"
"682",0.041,0.432,250286,0.781,4.21e-06,0.0789,-4.038,0,0.0567,139.432,0.197,4,4,"1"
"683",0.00842,0.796,173987,0.61,0.00286,0.351,-5.857,1,0.0516,103.99,0.391,1,4,"1"
"684",0.00302,0.903,267067,0.621,0.000186,0.0504,-8.132,1,0.0578,134.969,0.553,2,4,"1"
"685",0.00835,0.645,214507,0.713,0,0.113,-5.355,1,0.0393,74.989,0.566,6,4,"1"
"686",0.055,0.602,185360,0.797,0,0.187,-5.084,0,0.0534,92.928,0.492,6,4,"1"
"687",0.156,0.774,219147,0.765,0,0.0373,-5.439,0,0.0502,119.001,0.917,4,4,"1"
"688",0.856,0.607,233720,0.376,0,0.285,-9.954,1,0.453,102.541,0.545,4,4,"1"
"689",0.156,0.774,219147,0.765,0,0.0373,-5.439,0,0.0502,119.001,0.917,4,4,"1"
"690",0.0196,0.592,206880,0.752,0,0.0477,-6.589,1,0.114,74.784,0.726,1,4,"1"
"691",0.414,0.748,244960,0.524,0,0.111,-5.599,1,0.0338,95.01,0.661,8,4,"1"
"692",0.0183,0.612,202173,0.921,0,0.0576,-2.879,1,0.0848,139.986,0.453,7,4,"1"
"693",0.287,0.765,237300,0.473,0,0.391,-5.829,1,0.0514,119.992,0.34,10,4,"1"
"694",0.0165,0.803,200680,0.504,5.25e-06,0.335,-7.218,0,0.0979,111.014,0.498,5,4,"1"
"695",0.287,0.765,237300,0.473,0,0.391,-5.829,1,0.0514,119.992,0.34,10,4,"1"
"696",0.146,0.777,181827,0.663,1.52e-05,0.174,-6.117,1,0.0305,118.016,0.614,4,4,"1"
"697",0.176,0.941,209640,0.323,0,0.205,-10.307,1,0.506,120.036,0.662,10,4,"1"
"698",0.000953,0.59,257747,0.808,1.53e-06,0.0918,-6.728,1,0.0408,106.029,0.601,1,4,"1"
"699",0.856,0.607,233720,0.376,0,0.285,-9.954,1,0.453,102.541,0.545,4,4,"1"
"700",0.235,0.777,188613,0.7,8.02e-06,0.836,-11.045,1,0.0869,122.94,0.802,1,4,"1"
"701",0.00256,0.618,196693,0.717,0,0.625,-5.738,1,0.318,190.05,0.603,7,4,"1"
"702",0.034,0.665,197933,0.725,9.17e-06,0.0864,-6.588,0,0.12,101.96,0.703,7,4,"1"
"703",0.236,0.886,225205,0.525,0,0.057,-7.39,1,0.132,145.99,0.708,8,4,"1"
"704",0.108,0.927,210937,0.488,0,0.196,-9.433,0,0.42,133.987,0.605,9,4,"1"
"705",0.00801,0.856,269667,0.609,8.15e-05,0.0344,-7.223,1,0.0824,114.988,0.928,0,4,"1"
"706",0.21,0.675,239293,0.69,0,0.287,-4.761,1,0.132,137.817,0.272,2,4,"1"
"707",0.109,0.711,213520,0.783,0,0.0947,-5.407,0,0.0423,107.972,0.587,9,4,"1"
"708",0.0415,0.69,223080,0.524,3.16e-06,0.17,-8.39,0,0.103,164.023,0.562,6,4,"1"
"709",0.00322,0.592,202451,0.455,3.72e-05,0.154,-7.698,1,0.393,146.316,0.0633,1,4,"1"
"710",0.168,0.675,230453,0.595,3.36e-06,0.136,-7.033,1,0.284,185.998,0.491,7,4,"1"
"711",0.236,0.886,225205,0.525,0,0.057,-7.39,1,0.132,145.99,0.708,8,4,"1"
"712",0.156,0.774,219147,0.765,0,0.0373,-5.439,0,0.0502,119.001,0.917,4,4,"1"
"713",0.621,0.728,217707,0.563,0,0.179,-8.053,0,0.134,100.017,0.352,1,4,"1"
"714",0.21,0.675,239293,0.69,0,0.287,-4.761,1,0.132,137.817,0.272,2,4,"1"
"715",0.856,0.607,233720,0.376,0,0.285,-9.954,1,0.453,102.541,0.545,4,4,"1"
"716",0.0499,0.672,235947,0.605,0,0.357,-5.353,1,0.0378,134.015,0.297,7,3,"1"
"717",0.109,0.711,213520,0.783,0,0.0947,-5.407,0,0.0423,107.972,0.587,9,4,"1"
"718",0.235,0.656,256733,0.578,0,0.118,-8.97,0,0.0922,94.514,0.556,7,4,"1"
"719",0.143,0.492,212445,0.681,0,0.199,-7.038,1,0.075,178.01,0.511,6,4,"1"
"720",0.118,0.672,187973,0.81,0,0.106,-4.104,0,0.226,82.888,0.771,10,4,"1"
"721",0.13,0.794,291893,0.646,0,0.14,-6.235,1,0.0614,145.931,0.322,0,4,"1"
"722",0.199,0.63,222160,0.928,0.124,0.148,-2.787,0,0.0331,123.963,0.465,9,4,"1"
"723",0.0102,0.729,352906,0.989,4.45e-05,0.443,-4.613,0,0.049,126.47,0.84,9,4,"1"
"724",0.0462,0.734,202333,0.637,2.29e-05,0.0602,-5.677,0,0.141,169.977,0.648,4,4,"1"
"725",0.21,0.761,215173,0.67,0.000426,0.0685,-12.759,1,0.0438,120.752,0.91,2,4,"1"
"726",0.236,0.886,225205,0.525,0,0.057,-7.39,1,0.132,145.99,0.708,8,4,"1"
"727",0.166,0.639,204016,0.651,0,0.131,-5.959,0,0.213,113.976,0.328,5,4,"1"
"728",0.0117,0.838,245387,0.771,0,0.0853,-3.791,1,0.244,175.957,0.405,1,4,"1"
"729",0.0235,0.72,247867,0.748,0,0.369,-5.522,0,0.393,145.22,0.246,10,4,"1"
"730",0.0114,0.632,215414,0.701,0,0.108,-5.921,1,0.146,162.958,0.497,7,4,"1"
"731",0.0165,0.803,200680,0.504,5.25e-06,0.335,-7.218,0,0.0979,111.014,0.498,5,4,"1"
"732",0.0186,0.757,251467,0.672,0,0.158,-6.524,0,0.0955,111.996,0.382,0,4,"1"
"733",0.0462,0.734,202333,0.637,2.29e-05,0.0602,-5.677,0,0.141,169.977,0.648,4,4,"1"
"734",0.0373,0.65,226160,0.728,0,0.328,-5.914,0,0.232,159.167,0.619,6,4,"1"
"735",0.0215,0.688,192191,0.702,0,0.128,-4.792,0,0.0499,94.006,0.74,7,4,"1"
"736",0.235,0.656,256733,0.578,0,0.118,-8.97,0,0.0922,94.514,0.556,7,4,"1"
"737",0.0644,0.667,219320,0.538,0,0.0928,-6.294,1,0.0953,91.296,0.527,11,4,"1"
"738",0.341,0.776,214265,0.62,0,0.0978,-6.198,1,0.067,100.025,0.427,7,4,"1"
"739",0.302,0.447,177523,0.602,0.00233,0.107,-8.996,1,0.219,165.041,0.35,0,4,"1"
"740",0.0114,0.632,215414,0.701,0,0.108,-5.921,1,0.146,162.958,0.497,7,4,"1"
"741",0.041,0.432,250286,0.781,4.21e-06,0.0789,-4.038,0,0.0567,139.432,0.197,4,4,"1"
"742",0.0415,0.69,223080,0.524,3.16e-06,0.17,-8.39,0,0.103,164.023,0.562,6,4,"1"
"743",0.687,0.492,251034,0.275,0,0.101,-13.4,0,0.3,92.6,0.18,6,4,"1"
"744",0.163,0.599,263400,0.448,0,0.106,-6.312,1,0.0232,95.05,0.168,8,3,"1"
"745",0.034,0.818,225983,0.803,0,0.153,-4.282,1,0.0797,106.97,0.632,1,4,"1"
"746",0.0373,0.65,226160,0.728,0,0.328,-5.914,0,0.232,159.167,0.619,6,4,"1"
"747",0.0117,0.838,245387,0.771,0,0.0853,-3.791,1,0.244,175.957,0.405,1,4,"1"
"748",0.034,0.818,225983,0.803,0,0.153,-4.282,1,0.0797,106.97,0.632,1,4,"1"
"749",0.0612,0.556,220440,0.688,0.00256,0.112,-7.328,1,0.0856,140.011,0.459,8,4,"1"
"750",0.235,0.656,256733,0.578,0,0.118,-8.97,0,0.0922,94.514,0.556,7,4,"1"
"751",0.0215,0.688,192191,0.702,0,0.128,-4.792,0,0.0499,94.006,0.74,7,4,"1"
"752",0.0995,0.613,234213,0.702,0,0.116,-6.498,1,0.0458,133.932,0.372,7,4,"1"
"753",0.596,0.426,212817,0.294,0.00131,0.132,-11.835,1,0.0312,75.228,0.141,2,4,"1"
"754",0.371,0.558,180387,0.559,7.49e-06,0.109,-9.222,1,0.0959,78.558,0.62,6,4,"1"
"755",0.0415,0.69,223080,0.524,3.16e-06,0.17,-8.39,0,0.103,164.023,0.562,6,4,"1"
"756",0.336,0.481,295493,0.451,0,0.0872,-6.095,0,0.0347,157.966,0.289,5,4,"1"
"757",0.0995,0.613,234213,0.702,0,0.116,-6.498,1,0.0458,133.932,0.372,7,4,"1"
"758",0.0415,0.69,223080,0.524,3.16e-06,0.17,-8.39,0,0.103,164.023,0.562,6,4,"1"
"759",0.00381,0.807,144244,0.887,0,0.391,-3.892,1,0.275,160.517,0.78,1,4,"1"
"760",0.055,0.602,185360,0.797,0,0.187,-5.084,0,0.0534,92.928,0.492,6,4,"1"
"761",0.0353,0.367,520787,0.452,0.00228,0.689,-10.422,1,0.0307,113.066,0.189,10,4,"1"
"762",0.0183,0.612,202173,0.921,0,0.0576,-2.879,1,0.0848,139.986,0.453,7,4,"1"
"763",0.00842,0.796,173987,0.61,0.00286,0.351,-5.857,1,0.0516,103.99,0.391,1,4,"1"
"764",0.0635,0.54,242253,0.561,0,0.137,-6.987,0,0.0699,113.295,0.107,0,4,"1"
"765",0.176,0.941,209640,0.323,0,0.205,-10.307,1,0.506,120.036,0.662,10,4,"1"
"766",0.0644,0.667,219320,0.538,0,0.0928,-6.294,1,0.0953,91.296,0.527,11,4,"1"
"767",0.0462,0.734,202333,0.637,2.29e-05,0.0602,-5.677,0,0.141,169.977,0.648,4,4,"1"
"768",0.235,0.777,188613,0.7,8.02e-06,0.836,-11.045,1,0.0869,122.94,0.802,1,4,"1"
"769",0.118,0.672,187973,0.81,0,0.106,-4.104,0,0.226,82.888,0.771,10,4,"1"
"770",0.118,0.672,187973,0.81,0,0.106,-4.104,0,0.226,82.888,0.771,10,4,"1"
"771",0.199,0.63,222160,0.928,0.124,0.148,-2.787,0,0.0331,123.963,0.465,9,4,"1"
"772",0.0117,0.838,245387,0.771,0,0.0853,-3.791,1,0.244,175.957,0.405,1,4,"1"
"773",0.621,0.728,217707,0.563,0,0.179,-8.053,0,0.134,100.017,0.352,1,4,"1"
"774",0.21,0.675,239293,0.69,0,0.287,-4.761,1,0.132,137.817,0.272,2,4,"1"
"775",0.041,0.432,250286,0.781,4.21e-06,0.0789,-4.038,0,0.0567,139.432,0.197,4,4,"1"
"776",0.00256,0.618,196693,0.717,0,0.625,-5.738,1,0.318,190.05,0.603,7,4,"1"
"777",0.103,0.803,214480,0.585,3.94e-06,0.0644,-5.861,1,0.0432,105.017,0.593,8,4,"1"
"778",0.328,0.508,227280,0.677,0,0.0491,-5.696,1,0.0656,121.928,0.575,1,5,"1"
"779",0.00801,0.856,269667,0.609,8.15e-05,0.0344,-7.223,1,0.0824,114.988,0.928,0,4,"1"
"780",0.235,0.777,188613,0.7,8.02e-06,0.836,-11.045,1,0.0869,122.94,0.802,1,4,"1"
"781",0.235,0.777,188613,0.7,8.02e-06,0.836,-11.045,1,0.0869,122.94,0.802,1,4,"1"
"782",0.163,0.599,263400,0.448,0,0.106,-6.312,1,0.0232,95.05,0.168,8,3,"1"
"783",0.0841,0.732,195920,0.396,3.58e-05,0.105,-9.348,0,0.0286,90.024,0.548,4,4,"1"
"784",0.255,0.415,200133,0.313,1.4e-05,0.117,-12.945,0,0.0561,84.953,0.0875,1,4,"1"
"785",0.621,0.728,217707,0.563,0,0.179,-8.053,0,0.134,100.017,0.352,1,4,"1"
"786",0.0319,0.377,253840,0.892,0,0.253,-4.287,0,0.494,77.19,0.608,11,1,"1"
"787",0.0186,0.757,251467,0.672,0,0.158,-6.524,0,0.0955,111.996,0.382,0,4,"1"
"788",0.328,0.508,227280,0.677,0,0.0491,-5.696,1,0.0656,121.928,0.575,1,5,"1"
"789",0.21,0.761,215173,0.67,0.000426,0.0685,-12.759,1,0.0438,120.752,0.91,2,4,"1"
"790",0.236,0.886,225205,0.525,0,0.057,-7.39,1,0.132,145.99,0.708,8,4,"1"
"791",0.00381,0.807,144244,0.887,0,0.391,-3.892,1,0.275,160.517,0.78,1,4,"1"
"792",0.13,0.794,291893,0.646,0,0.14,-6.235,1,0.0614,145.931,0.322,0,4,"1"
"793",0.055,0.602,185360,0.797,0,0.187,-5.084,0,0.0534,92.928,0.492,6,4,"1"
"794",0.168,0.675,230453,0.595,3.36e-06,0.136,-7.033,1,0.284,185.998,0.491,7,4,"1"
"795",0.621,0.728,217707,0.563,0,0.179,-8.053,0,0.134,100.017,0.352,1,4,"1"
"796",0.414,0.748,244960,0.524,0,0.111,-5.599,1,0.0338,95.01,0.661,8,4,"1"
"797",0.041,0.432,250286,0.781,4.21e-06,0.0789,-4.038,0,0.0567,139.432,0.197,4,4,"1"
"798",0.596,0.426,212817,0.294,0.00131,0.132,-11.835,1,0.0312,75.228,0.141,2,4,"1"
"799",0.109,0.73,192120,0.703,0,0.0657,-5.672,0,0.0369,138.113,0.595,0,4,"1"
"800",0.0995,0.613,234213,0.702,0,0.116,-6.498,1,0.0458,133.932,0.372,7,4,"1"
"801",0.621,0.728,217707,0.563,0,0.179,-8.053,0,0.134,100.017,0.352,1,4,"1"
"802",0.146,0.777,181827,0.663,1.52e-05,0.174,-6.117,1,0.0305,118.016,0.614,4,4,"1"
"803",0.414,0.748,244960,0.524,0,0.111,-5.599,1,0.0338,95.01,0.661,8,4,"1"
"804",0.000953,0.59,257747,0.808,1.53e-06,0.0918,-6.728,1,0.0408,106.029,0.601,1,4,"1"
"805",0.000953,0.59,257747,0.808,1.53e-06,0.0918,-6.728,1,0.0408,106.029,0.601,1,4,"1"
"806",0.341,0.776,214265,0.62,0,0.0978,-6.198,1,0.067,100.025,0.427,7,4,"1"
"807",0.255,0.415,200133,0.313,1.4e-05,0.117,-12.945,0,0.0561,84.953,0.0875,1,4,"1"
"808",0.0102,0.729,352906,0.989,4.45e-05,0.443,-4.613,0,0.049,126.47,0.84,9,4,"1"
"809",0.176,0.941,209640,0.323,0,0.205,-10.307,1,0.506,120.036,0.662,10,4,"1"
"810",0.00835,0.645,214507,0.713,0,0.113,-5.355,1,0.0393,74.989,0.566,6,4,"1"
"811",0.00322,0.592,202451,0.455,3.72e-05,0.154,-7.698,1,0.393,146.316,0.0633,1,4,"1"
"812",0.055,0.602,185360,0.797,0,0.187,-5.084,0,0.0534,92.928,0.492,6,4,"1"
"813",0.109,0.711,213520,0.783,0,0.0947,-5.407,0,0.0423,107.972,0.587,9,4,"1"
"814",0.0319,0.377,253840,0.892,0,0.253,-4.287,0,0.494,77.19,0.608,11,1,"1"
"815",0.255,0.415,200133,0.313,1.4e-05,0.117,-12.945,0,0.0561,84.953,0.0875,1,4,"1"
"816",0.00381,0.807,144244,0.887,0,0.391,-3.892,1,0.275,160.517,0.78,1,4,"1"
"817",0.0472,0.628,211667,0.698,0.00143,0.0907,-5.608,0,0.105,89.976,0.732,6,4,"1"
"818",0.00322,0.592,202451,0.455,3.72e-05,0.154,-7.698,1,0.393,146.316,0.0633,1,4,"1"
"819",0.041,0.432,250286,0.781,4.21e-06,0.0789,-4.038,0,0.0567,139.432,0.197,4,4,"1"
"820",0.0862,0.731,178987,0.75,0.000388,0.202,-10.457,1,0.0321,135.406,0.639,2,4,"1"
"821",0.0244,0.746,222093,0.873,0,0.354,-3.803,1,0.128,148.075,0.817,7,4,"1"
"822",0.341,0.776,214265,0.62,0,0.0978,-6.198,1,0.067,100.025,0.427,7,4,"1"
"823",0.117,0.584,202747,0.7,0,0.0939,-4.275,1,0.0456,124.944,0.438,11,4,"1"
"824",0.621,0.728,217707,0.563,0,0.179,-8.053,0,0.134,100.017,0.352,1,4,"1"
"825",0.0415,0.69,223080,0.524,3.16e-06,0.17,-8.39,0,0.103,164.023,0.562,6,4,"1"
"826",0.0215,0.688,192191,0.702,0,0.128,-4.792,0,0.0499,94.006,0.74,7,4,"1"
"827",0.00302,0.903,267067,0.621,0.000186,0.0504,-8.132,1,0.0578,134.969,0.553,2,4,"1"
"828",0.0106,0.669,237547,0.832,0,0.0968,-5.72,1,0.0682,113.035,0.7,0,4,"1"
"829",0.621,0.728,217707,0.563,0,0.179,-8.053,0,0.134,100.017,0.352,1,4,"1"
"830",0.156,0.774,219147,0.765,0,0.0373,-5.439,0,0.0502,119.001,0.917,4,4,"1"
"831",0.109,0.73,192120,0.703,0,0.0657,-5.672,0,0.0369,138.113,0.595,0,4,"1"
"832",0.199,0.63,222160,0.928,0.124,0.148,-2.787,0,0.0331,123.963,0.465,9,4,"1"
"833",0.0235,0.72,247867,0.748,0,0.369,-5.522,0,0.393,145.22,0.246,10,4,"1"
"834",0.0612,0.556,220440,0.688,0.00256,0.112,-7.328,1,0.0856,140.011,0.459,8,4,"1"
"835",0.00346,0.723,176561,0.809,0.00123,0.565,-3.081,0,0.0625,98.007,0.274,7,4,"1"
"836",0.0102,0.729,352906,0.989,4.45e-05,0.443,-4.613,0,0.049,126.47,0.84,9,4,"1"
"837",0.176,0.941,209640,0.323,0,0.205,-10.307,1,0.506,120.036,0.662,10,4,"1"
"838",0.687,0.492,251034,0.275,0,0.101,-13.4,0,0.3,92.6,0.18,6,4,"1"
"839",0.109,0.73,192120,0.703,0,0.0657,-5.672,0,0.0369,138.113,0.595,0,4,"1"
"840",0.302,0.447,177523,0.602,0.00233,0.107,-8.996,1,0.219,165.041,0.35,0,4,"1"
"841",0.0106,0.669,237547,0.832,0,0.0968,-5.72,1,0.0682,113.035,0.7,0,4,"1"
"842",0.034,0.818,225983,0.803,0,0.153,-4.282,1,0.0797,106.97,0.632,1,4,"1"
"843",0.166,0.639,204016,0.651,0,0.131,-5.959,0,0.213,113.976,0.328,5,4,"1"
"844",0.146,0.777,181827,0.663,1.52e-05,0.174,-6.117,1,0.0305,118.016,0.614,4,4,"1"
"845",0.109,0.711,213520,0.783,0,0.0947,-5.407,0,0.0423,107.972,0.587,9,4,"1"
"846",0.146,0.777,181827,0.663,1.52e-05,0.174,-6.117,1,0.0305,118.016,0.614,4,4,"1"
"847",0.13,0.794,291893,0.646,0,0.14,-6.235,1,0.0614,145.931,0.322,0,4,"1"
"848",0.034,0.818,225983,0.803,0,0.153,-4.282,1,0.0797,106.97,0.632,1,4,"1"
"849",0.621,0.728,217707,0.563,0,0.179,-8.053,0,0.134,100.017,0.352,1,4,"1"
"850",0.0499,0.672,235947,0.605,0,0.357,-5.353,1,0.0378,134.015,0.297,7,3,"1"
"851",0.21,0.675,239293,0.69,0,0.287,-4.761,1,0.132,137.817,0.272,2,4,"1"
"852",0.0841,0.732,195920,0.396,3.58e-05,0.105,-9.348,0,0.0286,90.024,0.548,4,4,"1"
"853",0.336,0.481,295493,0.451,0,0.0872,-6.095,0,0.0347,157.966,0.289,5,4,"1"
"854",0.0183,0.612,202173,0.921,0,0.0576,-2.879,1,0.0848,139.986,0.453,7,4,"1"
"855",0.0183,0.612,202173,0.921,0,0.0576,-2.879,1,0.0848,139.986,0.453,7,4,"1"
"856",0.21,0.675,239293,0.69,0,0.287,-4.761,1,0.132,137.817,0.272,2,4,"1"
"857",0.371,0.558,180387,0.559,7.49e-06,0.109,-9.222,1,0.0959,78.558,0.62,6,4,"1"
"858",0.00842,0.796,173987,0.61,0.00286,0.351,-5.857,1,0.0516,103.99,0.391,1,4,"1"
"859",0.61,0.837,205680,0.571,0.000898,0.0849,-8.273,0,0.0922,125.034,0.801,5,4,"1"
"860",0.21,0.761,215173,0.67,0.000426,0.0685,-12.759,1,0.0438,120.752,0.91,2,4,"1"
"861",0.341,0.776,214265,0.62,0,0.0978,-6.198,1,0.067,100.025,0.427,7,4,"1"
"862",0.0235,0.72,247867,0.748,0,0.369,-5.522,0,0.393,145.22,0.246,10,4,"1"
"863",0.00801,0.856,269667,0.609,8.15e-05,0.0344,-7.223,1,0.0824,114.988,0.928,0,4,"1"
"864",0.287,0.765,237300,0.473,0,0.391,-5.829,1,0.0514,119.992,0.34,10,4,"1"
"865",0.341,0.776,214265,0.62,0,0.0978,-6.198,1,0.067,100.025,0.427,7,4,"1"
"866",0.055,0.602,185360,0.797,0,0.187,-5.084,0,0.0534,92.928,0.492,6,4,"1"
"867",0.103,0.803,214480,0.585,3.94e-06,0.0644,-5.861,1,0.0432,105.017,0.593,8,4,"1"
"868",0.163,0.599,263400,0.448,0,0.106,-6.312,1,0.0232,95.05,0.168,8,3,"1"
"869",0.107,0.688,191600,0.325,0,0.0837,-8.083,0,0.251,110.888,0.275,5,4,"1"
"870",0.0612,0.556,220440,0.688,0.00256,0.112,-7.328,1,0.0856,140.011,0.459,8,4,"1"
"871",0.00842,0.796,173987,0.61,0.00286,0.351,-5.857,1,0.0516,103.99,0.391,1,4,"1"
"872",0.0353,0.367,520787,0.452,0.00228,0.689,-10.422,1,0.0307,113.066,0.189,10,4,"1"
"873",0.00835,0.645,214507,0.713,0,0.113,-5.355,1,0.0393,74.989,0.566,6,4,"1"
"874",0.0612,0.556,220440,0.688,0.00256,0.112,-7.328,1,0.0856,140.011,0.459,8,4,"1"
"875",0.0578,0.737,245653,0.452,1.48e-05,0.187,-8.366,1,0.0534,117.962,0.096,0,4,"1"
"876",0.0106,0.669,237547,0.832,0,0.0968,-5.72,1,0.0682,113.035,0.7,0,4,"1"
"877",0.0114,0.632,215414,0.701,0,0.108,-5.921,1,0.146,162.958,0.497,7,4,"1"
"878",0.034,0.665,197933,0.725,9.17e-06,0.0864,-6.588,0,0.12,101.96,0.703,7,4,"1"
"879",0.414,0.748,244960,0.524,0,0.111,-5.599,1,0.0338,95.01,0.661,8,4,"1"
"880",0.0353,0.367,520787,0.452,0.00228,0.689,-10.422,1,0.0307,113.066,0.189,10,4,"1"
